"Year","County","PercentChangeSince2017"
2017,Adams,0.0000
2017,Alamosa,0.0000
2017,Arapahoe,0.0000
2017,Archuleta,0.0000
2017,Baca,0.0000
2017,Bent,0.0000
2017,Boulder,0.0000
2017,Broomfield,0.0000
2017,Chaffee,0.0000
2017,Cheyenne,0.0000
2017,Clear Creek,0.0000
2017,Conejos,0.0000
2017,Costilla,0.0000
2017,Crowley,0.0000
2017,Custer,0.0000
2017,Delta,0.0000
2017,Denver,0.0000
2017,Dolores,0.0000
2017,Douglas,0.0000
2017,Eagle,0.0000
2017,El Paso,0.0000
2017,Elbert,0.0000
2017,Fremont,0.0000
2017,Garfield,0.0000
2017,Gilpin,0.0000
2017,Grand,0.0000
2017,Gunnison,0.0000
2017,Hinsdale,0.0000
2017,Huerfano,0.0000
2017,Jackson,0.0000
2017,Jefferson,0.0000
2017,Kiowa,0.0000
2017,Kit Carson,0.0000
2017,La Plata,0.0000
2017,Lake,0.0000
2017,Larimer,0.0000
2017,Las Animas,0.0000
2017,Lincoln,0.0000
2017,Logan,0.0000
2017,Mesa,0.0000
2017,Mineral,0.0000
2017,Moffat,0.0000
2017,Montezuma,0.0000
2017,Montrose,0.0000
2017,Morgan,0.0000
2017,Otero,0.0000
2017,Ouray,0.0000
2017,Park,0.0000
2017,Phillips,0.0000
2017,Pitkin,0.0000
2017,Prowers,0.0000
2017,Pueblo,0.0000
2017,Rio Blanco,0.0000
2017,Rio Grande,0.0000
2017,Routt,0.0000
2017,Saguache,0.0000
2017,San Juan,0.0000
2017,San Miguel,0.0000
2017,Sedgwick,0.0000
2017,Summit,0.0000
2017,Teller,0.0000
2017,Washington,0.0000
2017,Weld,0.0000
2017,Yuma,0.0000
2018,Adams,2.1444
2018,Alamosa,1.2050
2018,Arapahoe,1.4673
2018,Archuleta,2.0532
2018,Baca,-0.3907
2018,Bent,0.9270
2018,Boulder,1.1068
2018,Broomfield,3.4050
2018,Chaffee,1.5078
2018,Cheyenne,-0.0927
2018,Clear Creek,0.6540
2018,Conejos,0.0865
2018,Costilla,0.3737
2018,Crowley,0.9184
2018,Custer,0.9968
2018,Delta,0.4380
2018,Denver,1.4311
2018,Dolores,0.4148
2018,Douglas,1.7549
2018,Eagle,1.6628
2018,El Paso,1.6022
2018,Elbert,4.8731
2018,Fremont,0.1662
2018,Garfield,2.1384
2018,Gilpin,0.5436
2018,Grand,2.1201
2018,Gunnison,1.2466
2018,Hinsdale,2.0306
2018,Huerfano,-0.1197
2018,Jackson,-0.3390
2018,Jefferson,1.1979
2018,Kiowa,0.1288
2018,Kit Carson,0.0166
2018,La Plata,2.3850
2018,Lake,0.3648
2018,Larimer,1.7654
2018,Las Animas,-0.0522
2018,Lincoln,1.0946
2018,Logan,1.1674
2018,Mesa,1.0826
2018,Mineral,0.8980
2018,Moffat,0.2088
2018,Montezuma,1.9685
2018,Montrose,1.5570
2018,Morgan,0.9950
2018,Otero,0.1274
2018,Ouray,1.4125
2018,Park,1.8112
2018,Phillips,0.0594
2018,Pitkin,1.2563
2018,Prowers,0.2818
2018,Pueblo,1.1173
2018,Rio Blanco,0.2097
2018,Rio Grande,0.0656
2018,Routt,1.7931
2018,Saguache,0.7878
2018,San Juan,0.7579
2018,San Miguel,3.1894
2018,Sedgwick,-0.3926
2018,Summit,1.9286
2018,Teller,1.9956
2018,Washington,0.3149
2018,Weld,3.4378
2018,Yuma,0.5743
2019,Adams,4.3126
2019,Alamosa,2.4380
2019,Arapahoe,3.0212
2019,Archuleta,4.0836
2019,Baca,-0.8409
2019,Bent,1.8530
2019,Boulder,2.2145
2019,Broomfield,6.8465
2019,Chaffee,3.0133
2019,Cheyenne,-0.1699
2019,Clear Creek,1.2826
2019,Conejos,0.1725
2019,Costilla,1.0052
2019,Crowley,1.9808
2019,Custer,1.4596
2019,Delta,1.0124
2019,Denver,2.8704
2019,Dolores,0.3449
2019,Douglas,3.4607
2019,Eagle,3.3197
2019,El Paso,3.2208
2019,Elbert,9.7898
2019,Fremont,0.3297
2019,Garfield,4.2649
2019,Gilpin,1.0212
2019,Grand,4.1999
2019,Gunnison,2.4295
2019,Hinsdale,3.7425
2019,Huerfano,-0.2200
2019,Jackson,-0.6547
2019,Jefferson,2.3976
2019,Kiowa,0.2417
2019,Kit Carson,0.1567
2019,La Plata,4.6325
2019,Lake,1.1685
2019,Larimer,3.5169
2019,Las Animas,-0.1317
2019,Lincoln,2.3339
2019,Logan,2.3180
2019,Mesa,2.1612
2019,Mineral,1.7270
2019,Moffat,0.3799
2019,Montezuma,3.9633
2019,Montrose,3.1013
2019,Morgan,1.9911
2019,Otero,0.1971
2019,Ouray,2.6395
2019,Park,3.5966
2019,Phillips,0.1333
2019,Pitkin,2.1870
2019,Prowers,0.4892
2019,Pueblo,2.2157
2019,Rio Blanco,0.4122
2019,Rio Grande,0.0918
2019,Routt,3.5508
2019,Saguache,1.5378
2019,San Juan,1.5148
2019,San Miguel,6.3499
2019,Sedgwick,-0.8167
2019,Summit,3.8689
2019,Teller,3.9850
2019,Washington,0.6222
2019,Weld,6.8973
2019,Yuma,1.1285
2020,Adams,6.5038
2020,Alamosa,3.6929
2020,Arapahoe,4.5840
2020,Archuleta,6.0881
2020,Baca,-1.3522
2020,Bent,2.7723
2020,Boulder,3.3288
2020,Broomfield,10.3203
2020,Chaffee,4.5163
2020,Cheyenne,-0.2235
2020,Clear Creek,1.8889
2020,Conejos,0.4044
2020,Costilla,1.0812
2020,Crowley,3.0979
2020,Custer,1.9403
2020,Delta,1.5567
2020,Denver,4.3077
2020,Dolores,0.7278
2020,Douglas,5.1643
2020,Eagle,4.9766
2020,El Paso,4.8579
2020,Elbert,14.3550
2020,Fremont,0.4856
2020,Garfield,6.3839
2020,Gilpin,1.4514
2020,Grand,6.2413
2020,Gunnison,3.5700
2020,Hinsdale,6.6050
2020,Huerfano,-0.3049
2020,Jackson,-0.9794
2020,Jefferson,3.5984
2020,Kiowa,0.3407
2020,Kit Carson,0.3526
2020,La Plata,6.8645
2020,Lake,2.0017
2020,Larimer,5.2694
2020,Las Animas,-0.2450
2020,Lincoln,3.8339
2020,Logan,3.4511
2020,Mesa,3.2359
2020,Mineral,2.5035
2020,Moffat,0.5284
2020,Montezuma,5.9858
2020,Montrose,4.6334
2020,Morgan,2.9911
2020,Otero,0.2137
2020,Ouray,3.6789
2020,Park,5.3535
2020,Phillips,0.2288
2020,Pitkin,3.0912
2020,Prowers,0.6240
2020,Pueblo,3.2968
2020,Rio Blanco,0.6080
2020,Rio Grande,0.0773
2020,Routt,5.2729
2020,Saguache,2.2446
2020,San Juan,2.2690
2020,San Miguel,9.4799
2020,Sedgwick,-1.2734
2020,Summit,5.8173
2020,Teller,5.9698
2020,Washington,0.9102
2020,Weld,10.3784
2020,Yuma,1.6581
2021,Adams,8.7170
2021,Alamosa,4.9875
2021,Arapahoe,6.1538
2021,Archuleta,8.0627
2021,Baca,-1.9308
2021,Bent,3.5073
2021,Boulder,4.4506
2021,Broomfield,13.8242
2021,Chaffee,6.0099
2021,Cheyenne,-0.2648
2021,Clear Creek,2.4736
2021,Conejos,0.6541
2021,Costilla,1.1461
2021,Crowley,4.2599
2021,Custer,2.4375
2021,Delta,2.2379
2021,Denver,5.7526
2021,Dolores,1.1871
2021,Douglas,6.9486
2021,Eagle,6.6210
2021,El Paso,6.5096
2021,Elbert,18.5710
2021,Fremont,0.6306
2021,Garfield,8.4947
2021,Gilpin,1.8367
2021,Grand,8.2407
2021,Gunnison,4.6702
2021,Hinsdale,8.4358
2021,Huerfano,-0.3791
2021,Jackson,-1.2793
2021,Jefferson,4.6188
2021,Kiowa,0.4088
2021,Kit Carson,0.7411
2021,La Plata,9.0791
2021,Lake,2.8674
2021,Larimer,7.0254
2021,Las Animas,-0.2121
2021,Lincoln,5.2629
2021,Logan,4.5677
2021,Mesa,4.3090
2021,Mineral,3.9416
2021,Moffat,0.6670
2021,Montezuma,8.0389
2021,Montrose,6.1586
2021,Morgan,3.9934
2021,Otero,0.1806
2021,Ouray,4.5389
2021,Park,7.0814
2021,Phillips,0.3626
2021,Pitkin,3.9628
2021,Prowers,0.6962
2021,Pueblo,4.3647
2021,Rio Blanco,0.8039
2021,Rio Grande,0.0287
2021,Routt,7.0118
2021,Saguache,2.9102
2021,San Juan,3.0370
2021,San Miguel,12.6477
2021,Sedgwick,-1.6317
2021,Summit,7.7648
2021,Teller,7.5355
2021,Washington,1.2842
2021,Weld,14.0472
2021,Yuma,2.1545
2022,Adams,10.9509
2022,Alamosa,6.2233
2022,Arapahoe,7.7291
2022,Archuleta,10.0052
2022,Baca,-2.5777
2022,Bent,4.4170
2022,Boulder,5.5809
2022,Broomfield,17.3575
2022,Chaffee,7.4922
2022,Cheyenne,-0.3003
2022,Clear Creek,3.0335
2022,Conejos,0.9254
2022,Costilla,1.1968
2022,Crowley,5.4590
2022,Custer,2.9551
2022,Delta,2.8914
2022,Denver,7.3523
2022,Dolores,1.7097
2022,Douglas,8.8123
2022,Eagle,8.2438
2022,El Paso,8.1697
2022,Elbert,23.2029
2022,Fremont,0.7701
2022,Garfield,10.5946
2022,Gilpin,2.1804
2022,Grand,10.1985
2022,Gunnison,5.9787
2022,Hinsdale,10.9449
2022,Huerfano,-0.4458
2022,Jackson,-1.5505
2022,Jefferson,5.6313
2022,Kiowa,0.0494
2022,Kit Carson,1.1857
2022,La Plata,11.3877
2022,Lake,3.7626
2022,Larimer,8.9069
2022,Las Animas,-0.2122
2022,Lincoln,6.9078
2022,Logan,5.6646
2022,Mesa,5.3818
2022,Mineral,5.3572
2022,Moffat,0.7958
2022,Montezuma,10.1257
2022,Montrose,7.6776
2022,Morgan,5.0016
2022,Otero,0.0283
2022,Ouray,4.6723
2022,Park,8.7797
2022,Phillips,0.5377
2022,Pitkin,4.8069
2022,Prowers,0.7142
2022,Pueblo,5.4240
2022,Rio Blanco,0.9959
2022,Rio Grande,-0.0455
2022,Routt,8.8673
2022,Saguache,3.0547
2022,San Juan,3.7987
2022,San Miguel,15.8520
2022,Sedgwick,-1.8837
2022,Summit,9.7039
2022,Teller,9.0924
2022,Washington,1.6392
2022,Weld,17.9090
2022,Yuma,2.6161
2023,Adams,13.2042
2023,Alamosa,7.4016
2023,Arapahoe,9.3102
2023,Archuleta,11.9157
2023,Baca,-3.2616
2023,Bent,5.2516
2023,Boulder,6.8767
2023,Broomfield,20.9142
2023,Chaffee,8.9606
2023,Cheyenne,-0.3223
2023,Clear Creek,3.5653
2023,Conejos,1.2204
2023,Costilla,1.2401
2023,Crowley,6.7019
2023,Custer,3.4842
2023,Delta,3.5192
2023,Denver,9.1135
2023,Dolores,2.2962
2023,Douglas,10.7003
2023,Eagle,10.0406
2023,El Paso,9.8399
2023,Elbert,27.8610
2023,Fremont,0.8986
2023,Garfield,12.6862
2023,Gilpin,2.4964
2023,Grand,12.1217
2023,Gunnison,7.3168
2023,Hinsdale,13.5457
2023,Huerfano,-0.5074
2023,Jackson,-1.7743
2023,Jefferson,6.6360
2023,Kiowa,-0.3577
2023,Kit Carson,1.6810
2023,La Plata,13.7034
2023,Lake,4.6947
2023,Larimer,10.7971
2023,Las Animas,-0.2433
2023,Lincoln,8.2893
2023,Logan,6.7437
2023,Mesa,6.6223
2023,Mineral,6.7395
2023,Moffat,0.9186
2023,Montezuma,12.2451
2023,Montrose,9.1935
2023,Morgan,6.0158
2023,Otero,-0.2393
2023,Ouray,4.9108
2023,Park,10.4470
2023,Phillips,0.7076
2023,Pitkin,5.6261
2023,Prowers,0.6806
2023,Pueblo,6.4755
2023,Rio Blanco,1.1893
2023,Rio Grande,-0.1468
2023,Routt,10.9003
2023,Saguache,3.1523
2023,San Juan,3.8465
2023,San Miguel,19.0983
2023,Sedgwick,-1.8216
2023,Summit,11.6254
2023,Teller,10.6392
2023,Washington,1.9704
2023,Weld,21.7988
2023,Yuma,3.0331
2024,Adams,15.4749
2024,Alamosa,8.5778
2024,Arapahoe,10.8977
2024,Archuleta,13.7870
2024,Baca,-3.9542
2024,Bent,6.1610
2024,Boulder,8.1793
2024,Broomfield,24.4879
2024,Chaffee,10.4156
2024,Cheyenne,-0.3198
2024,Clear Creek,4.0703
2024,Conejos,1.5440
2024,Costilla,1.2770
2024,Crowley,7.9902
2024,Custer,4.0367
2024,Delta,4.1236
2024,Denver,11.0384
2024,Dolores,2.9515
2024,Douglas,12.5829
2024,Eagle,12.0202
2024,El Paso,11.5317
2024,Elbert,32.9293
2024,Fremont,1.0156
2024,Garfield,14.7684
2024,Gilpin,2.7909
2024,Grand,14.0100
2024,Gunnison,8.6221
2024,Hinsdale,16.2291
2024,Huerfano,-0.5690
2024,Jackson,-1.9561
2024,Jefferson,7.4541
2024,Kiowa,-0.8146
2024,Kit Carson,2.2249
2024,La Plata,15.8718
2024,Lake,5.6620
2024,Larimer,12.6838
2024,Las Animas,-0.3014
2024,Lincoln,9.5835
2024,Logan,7.8056
2024,Mesa,7.9670
2024,Mineral,8.0847
2024,Moffat,1.0403
2024,Montezuma,14.3974
2024,Montrose,10.7062
2024,Morgan,7.0369
2024,Otero,-0.6208
2024,Ouray,5.1193
2024,Park,12.0854
2024,Phillips,0.8775
2024,Pitkin,6.4119
2024,Prowers,0.6057
2024,Pueblo,7.5205
2024,Rio Blanco,1.3759
2024,Rio Grande,-0.2668
2024,Routt,13.3233
2024,Saguache,3.2125
2024,San Juan,3.9000
2024,San Miguel,22.3839
2024,Sedgwick,-1.9521
2024,Summit,13.8568
2024,Teller,12.1648
2024,Washington,2.2840
2024,Weld,25.8357
2024,Yuma,3.4658
2025,Adams,17.7610
2025,Alamosa,9.7589
2025,Arapahoe,12.4929
2025,Archuleta,15.6247
2025,Baca,-4.6489
2025,Bent,7.0798
2025,Boulder,9.4908
2025,Broomfield,28.0755
2025,Chaffee,11.8576
2025,Cheyenne,-0.2943
2025,Clear Creek,4.5550
2025,Conejos,1.9046
2025,Costilla,1.3103
2025,Crowley,9.3282
2025,Custer,4.6036
2025,Delta,4.7067
2025,Denver,13.1338
2025,Dolores,3.6765
2025,Douglas,14.4677
2025,Eagle,14.1970
2025,El Paso,13.2452
2025,Elbert,38.0131
2025,Fremont,1.1236
2025,Garfield,16.8397
2025,Gilpin,3.0702
2025,Grand,15.8653
2025,Gunnison,9.9055
2025,Hinsdale,19.0090
2025,Huerfano,-0.6270
2025,Jackson,-2.1164
2025,Jefferson,8.2574
2025,Kiowa,-1.2935
2025,Kit Carson,2.8177
2025,La Plata,18.0301
2025,Lake,6.6667
2025,Larimer,14.5664
2025,Las Animas,-0.3805
2025,Lincoln,10.9728
2025,Logan,8.8562
2025,Mesa,9.5195
2025,Mineral,9.3867
2025,Moffat,1.1730
2025,Montezuma,16.5762
2025,Montrose,12.9411
2025,Morgan,8.0792
2025,Otero,-1.1078
2025,Ouray,5.2043
2025,Park,13.6997
2025,Phillips,1.0521
2025,Pitkin,7.1724
2025,Prowers,0.5025
2025,Pueblo,8.5658
2025,Rio Blanco,1.7898
2025,Rio Grande,-0.2132
2025,Routt,16.1290
2025,Saguache,3.2523
2025,San Juan,4.8357
2025,San Miguel,25.7029
2025,Sedgwick,-2.0172
2025,Summit,16.2277
2025,Teller,13.4699
2025,Washington,2.5840
2025,Weld,29.9107
2025,Yuma,3.8703
2026,Adams,20.0596
2026,Alamosa,10.9664
2026,Arapahoe,14.0952
2026,Archuleta,17.6111
2026,Baca,-5.3438
2026,Bent,7.7926
2026,Boulder,10.8113
2026,Broomfield,31.6734
2026,Chaffee,13.2903
2026,Cheyenne,-0.2454
2026,Clear Creek,5.2935
2026,Conejos,2.3076
2026,Costilla,1.3438
2026,Crowley,10.7566
2026,Custer,5.2897
2026,Delta,5.2704
2026,Denver,15.2443
2026,Dolores,4.3833
2026,Douglas,16.3548
2026,Eagle,16.5799
2026,El Paso,14.9747
2026,Elbert,44.2647
2026,Fremont,1.3908
2026,Garfield,18.9855
2026,Gilpin,3.1769
2026,Grand,17.6841
2026,Gunnison,11.1629
2026,Hinsdale,21.8833
2026,Huerfano,-0.6822
2026,Jackson,-2.2406
2026,Jefferson,9.0445
2026,Kiowa,-1.7954
2026,Kit Carson,3.4636
2026,La Plata,20.1762
2026,Lake,7.7089
2026,Larimer,16.4454
2026,Las Animas,-0.4776
2026,Lincoln,12.5445
2026,Logan,9.9025
2026,Mesa,11.2165
2026,Mineral,10.6545
2026,Moffat,1.3269
2026,Montezuma,18.7887
2026,Montrose,15.6618
2026,Morgan,9.2369
2026,Otero,-1.6333
2026,Ouray,5.4307
2026,Park,15.5813
2026,Phillips,1.2287
2026,Pitkin,8.2010
2026,Prowers,0.3782
2026,Pueblo,9.6741
2026,Rio Blanco,2.2099
2026,Rio Grande,-0.1654
2026,Routt,19.0817
2026,Saguache,3.2806
2026,San Juan,5.2104
2026,San Miguel,29.0003
2026,Sedgwick,-2.1186
2026,Summit,18.7320
2026,Teller,14.5446
2026,Washington,2.8695
2026,Weld,34.0252
2026,Yuma,4.2574
2027,Adams,22.3683
2027,Alamosa,12.1817
2027,Arapahoe,15.6978
2027,Archuleta,19.9217
2027,Baca,-6.0229
2027,Bent,8.4373
2027,Boulder,12.1354
2027,Broomfield,35.2930
2027,Chaffee,14.9715
2027,Cheyenne,-0.1940
2027,Clear Creek,6.1472
2027,Conejos,2.7133
2027,Costilla,1.3831
2027,Crowley,12.1894
2027,Custer,6.0606
2027,Delta,5.8160
2027,Denver,17.3346
2027,Dolores,4.9702
2027,Douglas,18.2106
2027,Eagle,19.1534
2027,El Paso,16.7096
2027,Elbert,49.7348
2027,Fremont,1.8193
2027,Garfield,21.2250
2027,Gilpin,3.2754
2027,Grand,19.4776
2027,Gunnison,12.4090
2027,Hinsdale,24.8463
2027,Huerfano,-0.7582
2027,Jackson,-2.3123
2027,Jefferson,9.8117
2027,Kiowa,-2.2828
2027,Kit Carson,4.1818
2027,La Plata,22.3198
2027,Lake,8.7585
2027,Larimer,18.2958
2027,Las Animas,-0.5929
2027,Lincoln,14.1894
2027,Logan,10.9420
2027,Mesa,13.0478
2027,Mineral,11.9325
2027,Moffat,1.4886
2027,Montezuma,21.0077
2027,Montrose,18.3747
2027,Morgan,10.4914
2027,Otero,-2.1951
2027,Ouray,5.5734
2027,Park,17.7356
2027,Phillips,1.2855
2027,Pitkin,9.2230
2027,Prowers,0.2554
2027,Pueblo,10.8705
2027,Rio Blanco,2.6263
2027,Rio Grande,-0.1161
2027,Routt,22.0375
2027,Saguache,3.2996
2027,San Juan,5.2958
2027,San Miguel,32.2739
2027,Sedgwick,-2.4622
2027,Summit,21.2136
2027,Teller,15.5931
2027,Washington,3.1634
2027,Weld,38.1777
2027,Yuma,4.5673
2028,Adams,24.6838
2028,Alamosa,13.4023
2028,Arapahoe,17.3002
2028,Archuleta,22.5568
2028,Baca,-6.6886
2028,Bent,8.8492
2028,Boulder,13.3038
2028,Broomfield,38.9306
2028,Chaffee,16.2710
2028,Cheyenne,-0.1403
2028,Clear Creek,7.1209
2028,Conejos,3.1201
2028,Costilla,1.4306
2028,Crowley,13.6321
2028,Custer,6.9186
2028,Delta,6.6764
2028,Denver,19.2438
2028,Dolores,5.4566
2028,Douglas,19.9970
2028,Eagle,21.9031
2028,El Paso,18.4522
2028,Elbert,55.1820
2028,Fremont,2.3525
2028,Garfield,23.5574
2028,Gilpin,3.3770
2028,Grand,21.5846
2028,Gunnison,13.6456
2028,Hinsdale,27.8588
2028,Huerfano,-0.8572
2028,Jackson,-2.3320
2028,Jefferson,10.5576
2028,Kiowa,-2.7675
2028,Kit Carson,4.9026
2028,La Plata,24.3975
2028,Lake,9.8070
2028,Larimer,20.0552
2028,Las Animas,-0.7263
2028,Lincoln,15.6318
2028,Logan,11.9729
2028,Mesa,15.0134
2028,Mineral,12.5336
2028,Moffat,1.6588
2028,Montezuma,23.2309
2028,Montrose,21.0789
2028,Morgan,11.8447
2028,Otero,-2.8651
2028,Ouray,5.6436
2028,Park,19.8425
2028,Phillips,1.5030
2028,Pitkin,10.2440
2028,Prowers,0.1317
2028,Pueblo,12.0662
2028,Rio Blanco,3.0377
2028,Rio Grande,-0.0623
2028,Routt,25.0143
2028,Saguache,3.3099
2028,San Juan,5.8075
2028,San Miguel,35.5400
2028,Sedgwick,-2.6917
2028,Summit,23.5111
2028,Teller,16.6125
2028,Washington,3.4674
2028,Weld,42.3662
2028,Yuma,4.9660
2029,Adams,27.0029
2029,Alamosa,14.6260
2029,Arapahoe,18.9009
2029,Archuleta,25.5200
2029,Baca,-7.3396
2029,Bent,9.2419
2029,Boulder,14.5627
2029,Broomfield,39.5881
2029,Chaffee,17.5539
2029,Cheyenne,-0.0857
2029,Clear Creek,8.1134
2029,Conejos,3.5273
2029,Costilla,1.4840
2029,Crowley,15.0904
2029,Custer,7.8610
2029,Delta,7.8519
2029,Denver,20.9657
2029,Dolores,6.1495
2029,Douglas,21.7667
2029,Eagle,24.6432
2029,El Paso,20.1897
2029,Elbert,60.2111
2029,Fremont,2.9938
2029,Garfield,25.9849
2029,Gilpin,3.4889
2029,Grand,24.0186
2029,Gunnison,14.8744
2029,Hinsdale,30.9679
2029,Huerfano,-0.9805
2029,Jackson,-2.3047
2029,Jefferson,11.2820
2029,Kiowa,-3.2564
2029,Kit Carson,5.6362
2029,La Plata,26.4700
2029,Lake,10.8630
2029,Larimer,21.8080
2029,Las Animas,-0.8738
2029,Lincoln,17.2932
2029,Logan,12.9980
2029,Mesa,17.1125
2029,Mineral,13.1276
2029,Moffat,1.8384
2029,Montezuma,25.4561
2029,Montrose,23.7724
2029,Morgan,13.2957
2029,Otero,-3.5318
2029,Ouray,5.8977
2029,Park,21.9305
2029,Phillips,1.2931
2029,Pitkin,11.2662
2029,Prowers,0.0013
2029,Pueblo,13.2621
2029,Rio Blanco,3.4385
2029,Rio Grande,-0.0083
2029,Routt,27.9766
2029,Saguache,3.3115
2029,San Juan,5.8833
2029,San Miguel,38.7959
2029,Sedgwick,-2.7055
2029,Summit,25.6240
2029,Teller,17.6016
2029,Washington,3.7729
2029,Weld,46.5884
2029,Yuma,5.3066
2030,Adams,29.3227
2030,Alamosa,15.8577
2030,Arapahoe,20.4967
2030,Archuleta,28.8125
2030,Baca,-7.9678
2030,Bent,9.6345
2030,Boulder,15.8167
2030,Broomfield,40.1810
2030,Chaffee,18.8184
2030,Cheyenne,-0.2991
2030,Clear Creek,9.1260
2030,Conejos,3.9413
2030,Costilla,1.5420
2030,Crowley,16.5567
2030,Custer,8.8833
2030,Delta,9.3412
2030,Denver,22.4950
2030,Dolores,6.8882
2030,Douglas,23.5069
2030,Eagle,27.1797
2030,El Paso,21.9226
2030,Elbert,65.1927
2030,Fremont,3.7493
2030,Garfield,28.4257
2030,Gilpin,3.6192
2030,Grand,26.7795
2030,Gunnison,16.0906
2030,Hinsdale,34.1693
2030,Huerfano,-1.1249
2030,Jackson,-2.2312
2030,Jefferson,11.9822
2030,Kiowa,-3.7620
2030,Kit Carson,6.3920
2030,La Plata,28.5283
2030,Lake,11.9495
2030,Larimer,23.5507
2030,Las Animas,-1.0365
2030,Lincoln,18.8275
2030,Logan,14.0175
2030,Mesa,19.2139
2030,Mineral,13.7059
2030,Moffat,2.0330
2030,Montezuma,27.6834
2030,Montrose,26.4646
2030,Morgan,14.7539
2030,Otero,-4.1927
2030,Ouray,6.0579
2030,Park,23.9971
2030,Phillips,1.3678
2030,Pitkin,12.2845
2030,Prowers,-0.1358
2030,Pueblo,14.4533
2030,Rio Blanco,3.8603
2030,Rio Grande,0.0427
2030,Routt,30.9520
2030,Saguache,3.3077
2030,San Juan,5.9941
2030,San Miguel,42.0475
2030,Sedgwick,-2.9890
2030,Summit,27.7148
2030,Teller,18.5745
2030,Washington,4.0729
2030,Weld,50.8423
2030,Yuma,5.7008
2031,Adams,31.6402
2031,Alamosa,17.1045
2031,Arapahoe,22.0846
2031,Archuleta,32.4328
2031,Baca,-8.5730
2031,Bent,10.0239
2031,Boulder,17.0646
2031,Broomfield,40.7012
2031,Chaffee,20.5615
2031,Cheyenne,-0.7982
2031,Clear Creek,10.1535
2031,Conejos,4.3627
2031,Costilla,1.6058
2031,Crowley,18.0364
2031,Custer,9.8829
2031,Delta,10.9332
2031,Denver,23.8316
2031,Dolores,7.6853
2031,Douglas,25.2049
2031,Eagle,29.7025
2031,El Paso,23.6492
2031,Elbert,70.1181
2031,Fremont,4.5039
2031,Garfield,30.8716
2031,Gilpin,4.1004
2031,Grand,29.5349
2031,Gunnison,17.3003
2031,Hinsdale,37.4407
2031,Huerfano,-1.2904
2031,Jackson,-2.0988
2031,Jefferson,12.6552
2031,Kiowa,-4.2780
2031,Kit Carson,7.1726
2031,La Plata,30.5776
2031,Lake,13.0587
2031,Larimer,25.2825
2031,Las Animas,-1.2146
2031,Lincoln,20.4216
2031,Logan,15.0298
2031,Mesa,21.3149
2031,Mineral,14.2619
2031,Moffat,2.2285
2031,Montezuma,29.9105
2031,Montrose,29.1463
2031,Morgan,16.2234
2031,Otero,-4.8563
2031,Ouray,6.1682
2031,Park,25.9367
2031,Phillips,1.4520
2031,Pitkin,13.3080
2031,Prowers,-0.2845
2031,Pueblo,15.6362
2031,Rio Blanco,4.2999
2031,Rio Grande,0.0924
2031,Routt,33.9521
2031,Saguache,3.2952
2031,San Juan,6.1552
2031,San Miguel,45.3598
2031,Sedgwick,-3.3140
2031,Summit,29.7870
2031,Teller,19.5336
2031,Washington,4.3594
2031,Weld,55.1249
2031,Yuma,6.0321
2032,Adams,33.9525
2032,Alamosa,18.3496
2032,Arapahoe,23.6612
2032,Archuleta,36.2296
2032,Baca,-9.1582
2032,Bent,10.4042
2032,Boulder,18.3031
2032,Broomfield,41.1434
2032,Chaffee,21.6308
2032,Cheyenne,-1.3078
2032,Clear Creek,11.1986
2032,Conejos,4.7923
2032,Costilla,1.6737
2032,Crowley,19.5748
2032,Custer,10.8589
2032,Delta,12.4870
2032,Denver,25.0529
2032,Dolores,8.5470
2032,Douglas,26.8522
2032,Eagle,32.2189
2032,El Paso,25.3655
2032,Elbert,74.9855
2032,Fremont,5.2551
2032,Garfield,33.3172
2032,Gilpin,4.7731
2032,Grand,32.2812
2032,Gunnison,18.5063
2032,Hinsdale,40.7975
2032,Huerfano,-1.4731
2032,Jackson,-1.9466
2032,Jefferson,13.2986
2032,Kiowa,-4.8011
2032,Kit Carson,7.9762
2032,La Plata,32.5810
2032,Lake,14.1860
2032,Larimer,27.0080
2032,Las Animas,-1.4106
2032,Lincoln,22.0346
2032,Logan,16.0310
2032,Mesa,23.4141
2032,Mineral,14.7918
2032,Moffat,2.4278
2032,Montezuma,32.1308
2032,Montrose,31.8118
2032,Morgan,17.7065
2032,Otero,-5.5214
2032,Ouray,6.3036
2032,Park,27.7464
2032,Phillips,1.3303
2032,Pitkin,14.3272
2032,Prowers,-0.4506
2032,Pueblo,16.8019
2032,Rio Blanco,4.7672
2032,Rio Grande,0.1401
2032,Routt,36.9135
2032,Saguache,3.2711
2032,San Juan,6.3218
2032,San Miguel,48.7324
2032,Sedgwick,-3.2734
2032,Summit,31.8436
2032,Teller,20.4761
2032,Washington,4.4251
2032,Weld,59.5180
2032,Yuma,6.4010
2033,Adams,36.2568
2033,Alamosa,19.5964
2033,Arapahoe,25.2232
2033,Archuleta,39.9926
2033,Baca,-9.7275
2033,Bent,10.7773
2033,Boulder,19.5297
2033,Broomfield,41.5077
2033,Chaffee,22.8088
2033,Cheyenne,-1.8270
2033,Clear Creek,12.2647
2033,Conejos,5.2265
2033,Costilla,1.7464
2033,Crowley,21.2353
2033,Custer,11.8059
2033,Delta,14.0426
2033,Denver,26.1611
2033,Dolores,9.4515
2033,Douglas,28.4386
2033,Eagle,34.7252
2033,El Paso,27.0693
2033,Elbert,79.7811
2033,Fremont,5.9996
2033,Garfield,35.7591
2033,Gilpin,5.4701
2033,Grand,35.0201
2033,Gunnison,19.7080
2033,Hinsdale,44.2294
2033,Huerfano,-1.7455
2033,Jackson,-2.1541
2033,Jefferson,13.9131
2033,Kiowa,-5.3355
2033,Kit Carson,8.8066
2033,La Plata,34.5812
2033,Lake,15.3236
2033,Larimer,28.7201
2033,Las Animas,-1.6246
2033,Lincoln,23.6165
2033,Logan,17.0183
2033,Mesa,25.5086
2033,Mineral,15.3068
2033,Moffat,2.6209
2033,Montezuma,34.3427
2033,Montrose,34.4628
2033,Morgan,19.2908
2033,Otero,-6.1888
2033,Ouray,6.5028
2033,Park,29.4218
2033,Phillips,1.3603
2033,Pitkin,15.3418
2033,Prowers,-0.6319
2033,Pueblo,17.9497
2033,Rio Blanco,5.2507
2033,Rio Grande,0.1850
2033,Routt,39.8374
2033,Saguache,3.2419
2033,San Juan,6.5070
2033,San Miguel,52.1640
2033,Sedgwick,-3.5284
2033,Summit,33.8888
2033,Teller,21.3972
2033,Washington,4.2640
2033,Weld,64.0203
2033,Yuma,6.7842
2034,Adams,38.5507
2034,Alamosa,20.8642
2034,Arapahoe,26.7697
2034,Archuleta,43.7794
2034,Baca,-10.2790
2034,Bent,11.1406
2034,Boulder,20.7414
2034,Broomfield,41.7933
2034,Chaffee,23.9652
2034,Cheyenne,-2.3605
2034,Clear Creek,13.3453
2034,Conejos,5.6604
2034,Costilla,1.8262
2034,Crowley,22.9186
2034,Custer,12.7346
2034,Delta,15.5263
2034,Denver,27.1589
2034,Dolores,10.4004
2034,Douglas,29.9880
2034,Eagle,37.2081
2034,El Paso,28.7607
2034,Elbert,84.5003
2034,Fremont,6.7403
2034,Garfield,38.1899
2034,Gilpin,6.1870
2034,Grand,37.7432
2034,Gunnison,20.8992
2034,Hinsdale,47.7552
2034,Huerfano,-2.1070
2034,Jackson,-2.3438
2034,Jefferson,14.5010
2034,Kiowa,-5.8694
2034,Kit Carson,9.6670
2034,La Plata,36.5758
2034,Lake,16.4820
2034,Larimer,30.4208
2034,Las Animas,-1.8561
2034,Lincoln,25.0912
2034,Logan,17.9935
2034,Mesa,27.5958
2034,Mineral,15.8215
2034,Moffat,2.8111
2034,Montezuma,36.5524
2034,Montrose,37.1000
2034,Morgan,20.8870
2034,Otero,-6.8548
2034,Ouray,6.6915
2034,Park,30.9592
2034,Phillips,1.3088
2034,Pitkin,16.3477
2034,Prowers,-0.8226
2034,Pueblo,19.0783
2034,Rio Blanco,5.7542
2034,Rio Grande,0.2287
2034,Routt,42.7152
2034,Saguache,3.2099
2034,San Juan,6.7164
2034,San Miguel,55.6525
2034,Sedgwick,-3.8728
2034,Summit,35.9345
2034,Teller,22.3047
2034,Washington,3.8753
2034,Weld,68.5470
2034,Yuma,7.1869
2035,Adams,40.8322
2035,Alamosa,22.1450
2035,Arapahoe,28.2987
2035,Archuleta,47.5513
2035,Baca,-10.8102
2035,Bent,11.4978
2035,Boulder,21.9365
2035,Broomfield,41.9970
2035,Chaffee,25.1270
2035,Cheyenne,-2.9025
2035,Clear Creek,14.4361
2035,Conejos,6.0957
2035,Costilla,1.9152
2035,Crowley,24.5475
2035,Custer,13.6484
2035,Delta,17.0187
2035,Denver,28.0476
2035,Dolores,11.3821
2035,Douglas,31.4931
2035,Eagle,39.6546
2035,El Paso,30.4264
2035,Elbert,89.1374
2035,Fremont,7.4766
2035,Garfield,40.5969
2035,Gilpin,6.9204
2035,Grand,40.4450
2035,Gunnison,22.0820
2035,Hinsdale,51.3232
2035,Huerfano,-2.5564
2035,Jackson,-2.5291
2035,Jefferson,15.0580
2035,Kiowa,-6.3996
2035,Kit Carson,10.5476
2035,La Plata,38.5588
2035,Lake,17.6496
2035,Larimer,32.1092
2035,Las Animas,-2.1040
2035,Lincoln,26.9518
2035,Logan,18.9571
2035,Mesa,29.6760
2035,Mineral,16.6284
2035,Moffat,2.9878
2035,Montezuma,38.7576
2035,Montrose,39.7190
2035,Morgan,22.5838
2035,Otero,-7.5150
2035,Ouray,6.9353
2035,Park,32.3563
2035,Phillips,1.3215
2035,Pitkin,17.3317
2035,Prowers,-1.0176
2035,Pueblo,20.1867
2035,Rio Blanco,6.2639
2035,Rio Grande,0.2743
2035,Routt,45.5379
2035,Saguache,3.1763
2035,San Juan,6.9399
2035,San Miguel,59.1854
2035,Sedgwick,-4.0006
2035,Summit,37.9762
2035,Teller,23.1809
2035,Washington,3.4720
2035,Weld,73.0956
2035,Yuma,7.6004
2036,Adams,43.0995
2036,Alamosa,23.4378
2036,Arapahoe,29.8876
2036,Archuleta,51.2576
2036,Baca,-11.3217
2036,Bent,11.8487
2036,Boulder,23.1125
2036,Broomfield,42.1205
2036,Chaffee,26.1887
2036,Cheyenne,-3.4508
2036,Clear Creek,15.5344
2036,Conejos,6.5269
2036,Costilla,2.0169
2036,Crowley,26.1002
2036,Custer,14.5479
2036,Delta,18.4837
2036,Denver,28.8298
2036,Dolores,12.3857
2036,Douglas,32.9492
2036,Eagle,42.0640
2036,El Paso,32.0756
2036,Elbert,93.6874
2036,Fremont,8.2036
2036,Garfield,42.9794
2036,Gilpin,7.3282
2036,Grand,43.1219
2036,Gunnison,23.2564
2036,Hinsdale,54.9213
2036,Huerfano,-3.0933
2036,Jackson,-2.7132
2036,Jefferson,15.5835
2036,Kiowa,-6.9185
2036,Kit Carson,11.4422
2036,La Plata,40.4902
2036,Lake,18.8178
2036,Larimer,33.7839
2036,Las Animas,-2.3670
2036,Lincoln,28.6553
2036,Logan,19.9083
2036,Mesa,31.7450
2036,Mineral,17.3143
2036,Moffat,3.1540
2036,Montezuma,40.9587
2036,Montrose,42.3168
2036,Morgan,24.2865
2036,Otero,-8.1685
2036,Ouray,6.9827
2036,Park,33.6106
2036,Phillips,1.2075
2036,Pitkin,18.1805
2036,Prowers,-1.2171
2036,Pueblo,21.2727
2036,Rio Blanco,6.7762
2036,Rio Grande,0.3223
2036,Routt,48.3008
2036,Saguache,3.1414
2036,San Juan,7.1747
2036,San Miguel,62.6975
2036,Sedgwick,-4.2637
2036,Summit,40.0044
2036,Teller,24.0286
2036,Washington,3.0549
2036,Weld,77.6645
2036,Yuma,7.9736
2037,Adams,45.3530
2037,Alamosa,24.7296
2037,Arapahoe,31.4622
2037,Archuleta,55.0258
2037,Baca,-11.8099
2037,Bent,12.1956
2037,Boulder,24.2696
2037,Broomfield,42.1710
2037,Chaffee,27.2328
2037,Cheyenne,-4.0015
2037,Clear Creek,16.6401
2037,Conejos,6.9568
2037,Costilla,2.1340
2037,Crowley,27.6550
2037,Custer,15.4361
2037,Delta,19.9418
2037,Denver,29.5624
2037,Dolores,13.4045
2037,Douglas,34.3504
2037,Eagle,44.4383
2037,El Paso,33.7071
2037,Elbert,98.1569
2037,Fremont,8.9286
2037,Garfield,45.3450
2037,Gilpin,7.7472
2037,Grand,45.7738
2037,Gunnison,24.4234
2037,Hinsdale,58.5480
2037,Huerfano,-3.6356
2037,Jackson,-2.8970
2037,Jefferson,16.0828
2037,Kiowa,-7.4238
2037,Kit Carson,12.3459
2037,La Plata,42.4006
2037,Lake,19.9783
2037,Larimer,35.4493
2037,Las Animas,-2.6399
2037,Lincoln,30.2916
2037,Logan,20.8481
2037,Mesa,33.8001
2037,Mineral,17.8853
2037,Moffat,3.3113
2037,Montezuma,43.1568
2037,Montrose,44.8932
2037,Morgan,26.0858
2037,Otero,-8.8106
2037,Ouray,7.1888
2037,Park,34.6236
2037,Phillips,1.2873
2037,Pitkin,18.9594
2037,Prowers,-1.4159
2037,Pueblo,22.3369
2037,Rio Blanco,7.2864
2037,Rio Grande,0.3750
2037,Routt,51.0029
2037,Saguache,3.1074
2037,San Juan,7.4236
2037,San Miguel,66.1862
2037,Sedgwick,-4.3593
2037,Summit,42.0380
2037,Teller,24.8472
2037,Washington,2.6279
2037,Weld,82.1038
2037,Yuma,8.4438
2038,Adams,47.5922
2038,Alamosa,26.0099
2038,Arapahoe,33.0228
2038,Archuleta,58.7470
2038,Baca,-12.2779
2038,Bent,12.5378
2038,Boulder,25.4068
2038,Broomfield,42.1558
2038,Chaffee,28.2605
2038,Cheyenne,-4.5532
2038,Clear Creek,17.7505
2038,Conejos,7.3810
2038,Costilla,2.2691
2038,Crowley,29.2114
2038,Custer,16.3160
2038,Delta,21.3973
2038,Denver,30.2499
2038,Dolores,14.4329
2038,Douglas,35.6326
2038,Eagle,46.7744
2038,El Paso,35.3217
2038,Elbert,102.5506
2038,Fremont,9.6520
2038,Garfield,47.6968
2038,Gilpin,8.1761
2038,Grand,48.3995
2038,Gunnison,25.5821
2038,Hinsdale,62.1953
2038,Huerfano,-4.1794
2038,Jackson,-3.0863
2038,Jefferson,16.5566
2038,Kiowa,-7.9040
2038,Kit Carson,13.2556
2038,La Plata,44.2702
2038,Lake,21.0210
2038,Larimer,37.1038
2038,Las Animas,-2.9191
2038,Lincoln,31.9345
2038,Logan,21.7754
2038,Mesa,35.8390
2038,Mineral,19.0279
2038,Moffat,3.4635
2038,Montezuma,45.3520
2038,Montrose,47.4465
2038,Morgan,27.8927
2038,Otero,-9.4434
2038,Ouray,7.3454
2038,Park,35.3964
2038,Phillips,1.3006
2038,Pitkin,19.7498
2038,Prowers,-1.6113
2038,Pueblo,23.3799
2038,Rio Blanco,7.7910
2038,Rio Grande,0.4319
2038,Routt,53.6434
2038,Saguache,3.0757
2038,San Juan,7.6874
2038,San Miguel,69.6495
2038,Sedgwick,-4.4133
2038,Summit,44.0709
2038,Teller,25.6411
2038,Washington,2.1956
2038,Weld,86.5604
2038,Yuma,8.7741
2039,Adams,49.8171
2039,Alamosa,27.2821
2039,Arapahoe,34.3300
2039,Archuleta,62.4953
2039,Baca,-12.7257
2039,Bent,12.8738
2039,Boulder,26.5235
2039,Broomfield,42.0838
2039,Chaffee,29.2724
2039,Cheyenne,-5.1063
2039,Clear Creek,18.8657
2039,Conejos,7.7961
2039,Costilla,2.4218
2039,Crowley,30.7694
2039,Custer,17.1859
2039,Delta,22.8201
2039,Denver,30.8966
2039,Dolores,15.4664
2039,Douglas,36.8232
2039,Eagle,49.0767
2039,El Paso,36.9191
2039,Elbert,106.8675
2039,Fremont,10.3742
2039,Garfield,50.0377
2039,Gilpin,8.4413
2039,Grand,51.0005
2039,Gunnison,26.7317
2039,Hinsdale,65.8570
2039,Huerfano,-4.7235
2039,Jackson,-3.2760
2039,Jefferson,17.0071
2039,Kiowa,-8.3584
2039,Kit Carson,14.1645
2039,La Plata,46.1384
2039,Lake,21.9352
2039,Larimer,38.7502
2039,Las Animas,-3.2021
2039,Lincoln,33.7116
2039,Logan,22.6922
2039,Mesa,37.8607
2039,Mineral,19.9260
2039,Moffat,3.6138
2039,Montezuma,47.5446
2039,Montrose,49.9758
2039,Morgan,29.7040
2039,Otero,-10.0665
2039,Ouray,7.5177
2039,Park,35.9295
2039,Phillips,1.0864
2039,Pitkin,20.5780
2039,Prowers,-1.8032
2039,Pueblo,24.4021
2039,Rio Blanco,8.2851
2039,Rio Grande,0.4943
2039,Routt,56.2205
2039,Saguache,3.0463
2039,San Juan,7.9642
2039,San Miguel,73.0854
2039,Sedgwick,-4.7812
2039,Summit,46.1015
2039,Teller,26.4152
2039,Washington,1.7638
2039,Weld,91.0008
2039,Yuma,9.2119
2040,Adams,52.0281
2040,Alamosa,28.5459
2040,Arapahoe,35.6168
2040,Archuleta,66.1996
2040,Baca,-13.1554
2040,Bent,13.2064
2040,Boulder,27.6201
2040,Broomfield,41.9623
2040,Chaffee,30.2696
2040,Cheyenne,-5.6643
2040,Clear Creek,19.9875
2040,Conejos,8.2005
2040,Costilla,2.5948
2040,Crowley,32.3316
2040,Custer,18.0466
2040,Delta,24.2509
2040,Denver,31.5064
2040,Dolores,16.5011
2040,Douglas,37.9212
2040,Eagle,51.3467
2040,El Paso,38.5000
2040,Elbert,111.1102
2040,Fremont,11.0952
2040,Garfield,52.3699
2040,Gilpin,8.7104
2040,Grand,53.5782
2040,Gunnison,27.8689
2040,Hinsdale,69.5398
2040,Huerfano,-5.2639
2040,Jackson,-3.4665
2040,Jefferson,17.4363
2040,Kiowa,-8.7827
2040,Kit Carson,15.0752
2040,La Plata,47.9585
2040,Lake,22.7672
2040,Larimer,40.4488
2040,Las Animas,-3.4859
2040,Lincoln,35.3122
2040,Logan,23.6008
2040,Mesa,39.8644
2040,Mineral,20.5792
2040,Moffat,3.7675
2040,Montezuma,49.7364
2040,Montrose,52.4822
2040,Morgan,31.5221
2040,Otero,-10.6804
2040,Ouray,7.9333
2040,Park,36.2248
2040,Phillips,1.0812
2040,Pitkin,21.3700
2040,Prowers,-1.9897
2040,Pueblo,25.4048
2040,Rio Blanco,8.7713
2040,Rio Grande,0.5637
2040,Routt,58.7357
2040,Saguache,3.0213
2040,San Juan,8.2552
2040,San Miguel,76.4946
2040,Sedgwick,-4.7256
2040,Summit,48.1257
2040,Teller,27.1765
2040,Washington,1.3394
2040,Weld,95.4249
2040,Yuma,9.5293
2041,Adams,54.2259
2041,Alamosa,29.8001
2041,Arapahoe,36.6441
2041,Archuleta,69.8776
2041,Baca,-13.5706
2041,Bent,13.5374
2041,Boulder,28.6961
2041,Broomfield,41.7988
2041,Chaffee,31.2543
2041,Cheyenne,-6.2293
2041,Clear Creek,21.1173
2041,Conejos,8.5930
2041,Costilla,2.7878
2041,Crowley,33.8010
2041,Custer,18.9019
2041,Delta,25.6665
2041,Denver,32.0764
2041,Dolores,17.5329
2041,Douglas,38.9271
2041,Eagle,53.5804
2041,El Paso,40.0505
2041,Elbert,115.2834
2041,Fremont,11.8174
2041,Garfield,54.6932
2041,Gilpin,8.9797
2041,Grand,56.1351
2041,Gunnison,28.9926
2041,Hinsdale,73.2420
2041,Huerfano,-5.7987
2041,Jackson,-3.6554
2041,Jefferson,17.8464
2041,Kiowa,-9.1703
2041,Kit Carson,15.9912
2041,La Plata,49.7579
2041,Lake,23.5648
2041,Larimer,42.2017
2041,Las Animas,-3.7673
2041,Lincoln,36.9133
2041,Logan,24.5014
2041,Mesa,41.8496
2041,Mineral,21.2622
2041,Moffat,3.9263
2041,Montezuma,51.9285
2041,Montrose,54.9658
2041,Morgan,33.3474
2041,Otero,-11.2847
2041,Ouray,8.3695
2041,Park,36.2840
2041,Phillips,1.0986
2041,Pitkin,22.1515
2041,Prowers,-2.1693
2041,Pueblo,26.3588
2041,Rio Blanco,9.2497
2041,Rio Grande,0.6391
2041,Routt,61.2331
2041,Saguache,3.0028
2041,San Juan,8.2747
2041,San Miguel,79.8779
2041,Sedgwick,-4.6503
2041,Summit,50.1240
2041,Teller,27.9331
2041,Washington,0.9271
2041,Weld,99.8663
2041,Yuma,9.8423
2042,Adams,56.5141
2042,Alamosa,31.0421
2042,Arapahoe,37.0829
2042,Archuleta,73.5281
2042,Baca,-13.9725
2042,Bent,13.8690
2042,Boulder,29.7488
2042,Broomfield,41.5988
2042,Chaffee,32.2272
2042,Cheyenne,-6.8033
2042,Clear Creek,22.2538
2042,Conejos,8.9684
2042,Costilla,2.9970
2042,Crowley,35.2737
2042,Custer,19.7554
2042,Delta,27.0660
2042,Denver,32.6049
2042,Dolores,18.5593
2042,Douglas,39.8405
2042,Eagle,55.7751
2042,El Paso,41.5834
2042,Elbert,119.3892
2042,Fremont,12.5415
2042,Garfield,57.0030
2042,Gilpin,9.2444
2042,Grand,58.6686
2042,Gunnison,29.9167
2042,Hinsdale,76.3434
2042,Huerfano,-6.3266
2042,Jackson,-3.8470
2042,Jefferson,18.2020
2042,Kiowa,-9.5207
2042,Kit Carson,16.9117
2042,La Plata,51.5320
2042,Lake,24.3252
2042,Larimer,43.9438
2042,Las Animas,-4.0461
2042,Lincoln,38.5108
2042,Logan,25.3930
2042,Mesa,43.8145
2042,Mineral,21.9760
2042,Moffat,4.0902
2042,Montezuma,54.1165
2042,Montrose,57.4243
2042,Morgan,35.1794
2042,Otero,-11.8815
2042,Ouray,8.8250
2042,Park,36.3120
2042,Phillips,1.1380
2042,Pitkin,22.9183
2042,Prowers,-2.3428
2042,Pueblo,27.2918
2042,Rio Blanco,9.7206
2042,Rio Grande,0.7188
2042,Routt,63.7119
2042,Saguache,2.9899
2042,San Juan,8.3066
2042,San Miguel,83.2333
2042,Sedgwick,-4.5556
2042,Summit,52.0944
2042,Teller,28.6870
2042,Washington,0.5264
2042,Weld,104.3683
2042,Yuma,10.1482
2043,Adams,58.7959
2043,Alamosa,32.2719
2043,Arapahoe,37.4759
2043,Archuleta,77.1539
2043,Baca,-14.3605
2043,Bent,14.2037
2043,Boulder,30.7789
2043,Broomfield,41.3700
2043,Chaffee,33.1916
2043,Cheyenne,-7.3846
2043,Clear Creek,23.3994
2043,Conejos,9.3285
2043,Costilla,3.2234
2043,Crowley,36.7527
2043,Custer,20.6115
2043,Delta,28.4517
2043,Denver,33.0909
2043,Dolores,19.5810
2043,Douglas,40.6641
2043,Eagle,57.9357
2043,El Paso,43.1000
2043,Elbert,123.4332
2043,Fremont,13.2690
2043,Garfield,59.3072
2043,Gilpin,9.5035
2043,Grand,61.1808
2043,Gunnison,30.8254
2043,Hinsdale,79.4544
2043,Huerfano,-6.8429
2043,Jackson,-4.0398
2043,Jefferson,18.5050
2043,Kiowa,-9.8371
2043,Kit Carson,17.8398
2043,La Plata,53.2820
2043,Lake,25.0472
2043,Larimer,45.6747
2043,Las Animas,-4.3176
2043,Lincoln,40.1047
2043,Logan,26.2778
2043,Mesa,45.7598
2043,Mineral,22.7268
2043,Moffat,4.2603
2043,Montezuma,56.3016
2043,Montrose,59.8579
2043,Morgan,37.0214
2043,Otero,-12.4705
2043,Ouray,9.3036
2043,Park,36.3141
2043,Phillips,1.2041
2043,Pitkin,23.6746
2043,Prowers,-2.5105
2043,Pueblo,28.2058
2043,Rio Blanco,10.1857
2043,Rio Grande,0.8045
2043,Routt,66.1767
2043,Saguache,2.9871
2043,San Juan,8.3480
2043,San Miguel,86.5641
2043,Sedgwick,-4.4435
2043,Summit,54.0399
2043,Teller,29.4529
2043,Washington,0.1435
2043,Weld,108.8833
2043,Yuma,10.4499
2044,Adams,61.0730
2044,Alamosa,33.4894
2044,Arapahoe,37.8240
2044,Archuleta,80.7575
2044,Baca,-14.7332
2044,Bent,14.5432
2044,Boulder,31.7874
2044,Broomfield,41.1194
2044,Chaffee,34.1516
2044,Cheyenne,-7.9719
2044,Clear Creek,24.5543
2044,Conejos,9.6760
2044,Costilla,3.4661
2044,Crowley,38.2403
2044,Custer,21.4740
2044,Delta,29.8248
2044,Denver,33.5345
2044,Dolores,20.5952
2044,Douglas,41.4020
2044,Eagle,60.0600
2044,El Paso,44.6029
2044,Elbert,127.4209
2044,Fremont,14.0011
2044,Garfield,61.6090
2044,Gilpin,9.7556
2044,Grand,63.6736
2044,Gunnison,31.7192
2044,Hinsdale,82.5802
2044,Huerfano,-7.3442
2044,Jackson,-4.2302
2044,Jefferson,18.7575
2044,Kiowa,-10.1231
2044,Kit Carson,18.7795
2044,La Plata,55.0077
2044,Lake,25.7337
2044,Larimer,47.3939
2044,Las Animas,-4.5811
2044,Lincoln,41.6930
2044,Logan,27.1556
2044,Mesa,47.6864
2044,Mineral,23.5144
2044,Moffat,4.4378
2044,Montezuma,58.4858
2044,Montrose,62.2680
2044,Morgan,38.8749
2044,Otero,-13.0541
2044,Ouray,9.8071
2044,Park,36.2941
2044,Phillips,1.2950
2044,Pitkin,24.4277
2044,Prowers,-2.6745
2044,Pueblo,29.1017
2044,Rio Blanco,10.6450
2044,Rio Grande,0.8960
2044,Routt,68.6281
2044,Saguache,2.9969
2044,San Juan,8.4020
2044,San Miguel,89.8715
2044,Sedgwick,-4.3158
2044,Summit,55.9682
2044,Teller,30.2213
2044,Washington,-0.2216
2044,Weld,113.4116
2044,Yuma,10.7462
2045,Adams,63.3472
2045,Alamosa,34.6913
2045,Arapahoe,38.1294
2045,Archuleta,84.3428
2045,Baca,-15.0958
2045,Bent,14.8901
2045,Boulder,32.7769
2045,Broomfield,40.8525
2045,Chaffee,35.1110
2045,Cheyenne,-8.5632
2045,Clear Creek,25.7173
2045,Conejos,10.0131
2045,Costilla,3.7251
2045,Crowley,39.7412
2045,Custer,22.3514
2045,Delta,31.1858
2045,Denver,33.9367
2045,Dolores,21.6043
2045,Douglas,42.0598
2045,Eagle,62.1515
2045,El Paso,46.0961
2045,Elbert,131.3586
2045,Fremont,14.7393
2045,Garfield,63.9092
2045,Gilpin,10.0001
2045,Grand,66.1486
2045,Gunnison,32.6010
2045,Hinsdale,85.1027
2045,Huerfano,-7.8232
2045,Jackson,-4.4137
2045,Jefferson,18.9976
2045,Kiowa,-10.3826
2045,Kit Carson,19.7372
2045,La Plata,56.7099
2045,Lake,26.3897
2045,Larimer,49.1031
2045,Las Animas,-4.8328
2045,Lincoln,43.2754
2045,Logan,28.0267
2045,Mesa,49.5965
2045,Mineral,24.3357
2045,Moffat,4.6226
2045,Montezuma,60.6746
2045,Montrose,64.6565
2045,Morgan,40.7403
2045,Otero,-13.6347
2045,Ouray,10.3374
2045,Park,36.2568
2045,Phillips,1.4093
2045,Pitkin,25.1771
2045,Prowers,-2.8363
2045,Pueblo,29.9818
2045,Rio Blanco,11.0972
2045,Rio Grande,0.9940
2045,Routt,71.0646
2045,Saguache,3.0177
2045,San Juan,8.4732
2045,San Miguel,93.1552
2045,Sedgwick,-4.1722
2045,Summit,57.8883
2045,Teller,31.0044
2045,Washington,-0.5700
2045,Weld,117.9545
2045,Yuma,11.0366
2046,Adams,65.6200
2046,Alamosa,35.8829
2046,Arapahoe,38.3952
2046,Archuleta,87.9107
2046,Baca,-15.4518
2046,Bent,15.2433
2046,Boulder,33.7503
2046,Broomfield,40.5739
2046,Chaffee,36.0733
2046,Cheyenne,-9.1565
2046,Clear Creek,26.8878
2046,Conejos,10.3444
2046,Costilla,4.0016
2046,Crowley,41.2562
2046,Custer,23.2520
2046,Delta,32.5355
2046,Denver,34.3020
2046,Dolores,22.6107
2046,Douglas,42.6430
2046,Eagle,64.2186
2046,El Paso,47.5815
2046,Elbert,135.2516
2046,Fremont,15.4864
2046,Garfield,66.2081
2046,Gilpin,10.2362
2046,Grand,68.6081
2046,Gunnison,33.4716
2046,Hinsdale,87.6307
2046,Huerfano,-8.2776
2046,Jackson,-4.5831
2046,Jefferson,19.2284
2046,Kiowa,-10.6240
2046,Kit Carson,20.7168
2046,La Plata,58.3879
2046,Lake,27.0213
2046,Larimer,50.8034
2046,Las Animas,-5.0738
2046,Lincoln,44.8514
2046,Logan,28.8912
2046,Mesa,50.8276
2046,Mineral,25.1900
2046,Moffat,4.8144
2046,Montezuma,62.8721
2046,Montrose,67.0251
2046,Morgan,42.6184
2046,Otero,-14.2138
2046,Ouray,10.8930
2046,Park,36.2061
2046,Phillips,1.5454
2046,Pitkin,25.9232
2046,Prowers,-2.9997
2046,Pueblo,30.8485
2046,Rio Blanco,11.5424
2046,Rio Grande,1.0970
2046,Routt,73.4852
2046,Saguache,3.0484
2046,San Juan,8.5600
2046,San Miguel,96.4142
2046,Sedgwick,-4.0185
2046,Summit,59.8019
2046,Teller,31.7917
2046,Washington,-0.9037
2046,Weld,122.5132
2046,Yuma,11.3204
2047,Adams,67.8929
2047,Alamosa,37.0707
2047,Arapahoe,38.6239
2047,Archuleta,91.4623
2047,Baca,-15.8017
2047,Bent,15.6041
2047,Boulder,34.7108
2047,Broomfield,40.2878
2047,Chaffee,37.0400
2047,Cheyenne,-9.7485
2047,Clear Creek,28.0658
2047,Conejos,10.6733
2047,Costilla,4.2957
2047,Crowley,42.7863
2047,Custer,24.1848
2047,Delta,33.8747
2047,Denver,34.6388
2047,Dolores,23.6196
2047,Douglas,43.1567
2047,Eagle,66.2576
2047,El Paso,49.0612
2047,Elbert,139.1044
2047,Fremont,16.2428
2047,Garfield,68.5059
2047,Gilpin,10.4655
2047,Grand,71.0519
2047,Gunnison,34.3309
2047,Hinsdale,90.1663
2047,Huerfano,-8.7069
2047,Jackson,-4.7310
2047,Jefferson,19.4522
2047,Kiowa,-10.8493
2047,Kit Carson,21.7236
2047,La Plata,60.0441
2047,Lake,27.6347
2047,Larimer,52.4968
2047,Las Animas,-5.3040
2047,Lincoln,46.4199
2047,Logan,29.7500
2047,Mesa,52.0435
2047,Mineral,26.0735
2047,Moffat,5.0156
2047,Montezuma,65.0826
2047,Montrose,69.3751
2047,Morgan,44.5108
2047,Otero,-14.7929
2047,Ouray,11.4727
2047,Park,35.9444
2047,Phillips,1.6980
2047,Pitkin,26.6670
2047,Prowers,-3.1673
2047,Pueblo,31.7037
2047,Rio Blanco,11.9802
2047,Rio Grande,1.2050
2047,Routt,75.8888
2047,Saguache,3.0897
2047,San Juan,8.6598
2047,San Miguel,99.6487
2047,Sedgwick,-3.8557
2047,Summit,61.7117
2047,Teller,32.5885
2047,Washington,-1.2244
2047,Weld,127.0886
2047,Yuma,11.5967
2048,Adams,70.1660
2048,Alamosa,38.2566
2048,Arapahoe,38.8181
2048,Archuleta,94.9967
2048,Baca,-16.1452
2048,Bent,15.9702
2048,Boulder,35.6600
2048,Broomfield,39.9964
2048,Chaffee,38.0125
2048,Cheyenne,-10.3367
2048,Clear Creek,29.2493
2048,Conejos,11.0036
2048,Costilla,4.6029
2048,Crowley,44.3317
2048,Custer,25.1521
2048,Delta,35.2033
2048,Denver,34.9463
2048,Dolores,24.6337
2048,Douglas,43.6054
2048,Eagle,68.2739
2048,El Paso,50.5355
2048,Elbert,142.9211
2048,Fremont,17.0078
2048,Garfield,70.8012
2048,Gilpin,10.6869
2048,Grand,73.4801
2048,Gunnison,35.1783
2048,Hinsdale,92.7082
2048,Huerfano,-9.1082
2048,Jackson,-4.8580
2048,Jefferson,19.6701
2048,Kiowa,-11.0637
2048,Kit Carson,22.7632
2048,La Plata,61.6800
2048,Lake,28.2354
2048,Larimer,54.1835
2048,Las Animas,-5.5235
2048,Lincoln,47.9800
2048,Logan,30.6024
2048,Mesa,53.2456
2048,Mineral,26.9812
2048,Moffat,5.2262
2048,Montezuma,67.3087
2048,Montrose,71.7062
2048,Morgan,46.4180
2048,Otero,-15.3737
2048,Ouray,12.0740
2048,Park,35.6768
2048,Phillips,1.8617
2048,Pitkin,27.4085
2048,Prowers,-3.3408
2048,Pueblo,32.5489
2048,Rio Blanco,12.4120
2048,Rio Grande,1.3145
2048,Routt,78.2749
2048,Saguache,3.1364
2048,San Juan,8.7621
2048,San Miguel,102.8575
2048,Sedgwick,-3.6857
2048,Summit,63.6155
2048,Teller,33.3921
2048,Washington,-1.5352
2048,Weld,131.6809
2048,Yuma,11.8639
2049,Adams,72.4411
2049,Alamosa,39.4423
2049,Arapahoe,38.9826
2049,Archuleta,98.5175
2049,Baca,-16.4835
2049,Bent,16.3430
2049,Boulder,36.6025
2049,Broomfield,39.7021
2049,Chaffee,38.9929
2049,Cheyenne,-10.9162
2049,Clear Creek,30.4402
2049,Conejos,11.3388
2049,Costilla,4.9241
2049,Crowley,45.8954
2049,Custer,26.1564
2049,Delta,36.5238
2049,Denver,35.2225
2049,Dolores,25.6527
2049,Douglas,43.9950
2049,Eagle,70.2678
2049,El Paso,52.0063
2049,Elbert,146.7088
2049,Fremont,17.7846
2049,Garfield,73.0958
2049,Gilpin,10.9055
2049,Grand,75.8954
2049,Gunnison,36.0140
2049,Hinsdale,95.2632
2049,Huerfano,-9.4780
2049,Jackson,-4.9612
2049,Jefferson,19.8858
2049,Kiowa,-11.2743
2049,Kit Carson,23.8415
2049,La Plata,63.2993
2049,Lake,28.8293
2049,Larimer,55.8661
2049,Las Animas,-5.7292
2049,Lincoln,49.5323
2049,Logan,31.4506
2049,Mesa,54.4380
2049,Mineral,27.9184
2049,Moffat,5.4485
2049,Montezuma,69.5552
2049,Montrose,74.0224
2049,Morgan,48.3422
2049,Otero,-15.9565
2049,Ouray,12.6951
2049,Park,35.4082
2049,Phillips,2.0343
2049,Pitkin,28.1509
2049,Prowers,-3.5216
2049,Pueblo,33.3880
2049,Rio Blanco,12.8407
2049,Rio Grande,1.4254
2049,Routt,80.6442
2049,Saguache,3.1919
2049,San Juan,8.8780
2049,San Miguel,106.0409
2049,Sedgwick,-3.5068
2049,Summit,65.5117
2049,Teller,34.2079
2049,Washington,-1.8383
2049,Weld,136.2922
2049,Yuma,12.1244
2050,Adams,74.7193
2050,Alamosa,40.6314
2050,Arapahoe,39.1222
2050,Archuleta,102.0266
2050,Baca,-16.8158
2050,Bent,16.7212
2050,Boulder,37.5411
2050,Broomfield,39.4060
2050,Chaffee,39.9841
2050,Cheyenne,-11.4860
2050,Clear Creek,31.6402
2050,Conejos,11.6836
2050,Costilla,5.2605
2050,Crowley,47.4776
2050,Custer,27.2033
2050,Delta,37.8378
2050,Denver,35.4664
2050,Dolores,26.6820
2050,Douglas,44.3310
2050,Eagle,72.2383
2050,El Paso,53.4759
2050,Elbert,150.4703
2050,Fremont,18.5750
2050,Garfield,75.3915
2050,Gilpin,11.1260
2050,Grand,78.3011
2050,Gunnison,36.8384
2050,Hinsdale,97.8362
2050,Huerfano,-9.8150
2050,Jackson,-5.0427
2050,Jefferson,20.1022
2050,Kiowa,-11.4823
2050,Kit Carson,24.9615
2050,La Plata,64.9038
2050,Lake,29.4204
2050,Larimer,57.5458
2050,Las Animas,-5.9197
2050,Lincoln,51.0774
2050,Logan,32.2961
2050,Mesa,55.6246
2050,Mineral,28.8764
2050,Moffat,5.6855
2050,Montezuma,71.8270
2050,Montrose,76.3269
2050,Morgan,50.2849
2050,Otero,-16.5405
2050,Ouray,13.3356
2050,Park,35.1436
2050,Phillips,2.2142
2050,Pitkin,28.8955
2050,Prowers,-3.7074
2050,Pueblo,34.2240
2050,Rio Blanco,13.2678
2050,Rio Grande,1.5391
2050,Routt,82.9978
2050,Saguache,3.2567
2050,San Juan,9.0051
2050,San Miguel,109.1980
2050,Sedgwick,-3.3197
2050,Summit,67.4075
2050,Teller,35.0373
2050,Washington,-2.1357
2050,Weld,140.9237
2050,Yuma,12.3794
