"Year","County","Population"
2000,Adams,351734.0
2000,Alamosa,15097.0
2000,Arapahoe,490722.0
2000,Archuleta,10042.0
2000,Baca,4500.0
2000,Bent,5966.0
2000,Boulder,276254.0
2000,Broomfield,38545.0
2000,Chaffee,16312.0
2000,Cheyenne,2214.0
2000,Clear Creek,9360.0
2000,Conejos,8407.0
2000,Costilla,3673.0
2000,Crowley,5128.0
2000,Custer,3518.0
2000,Delta,27910.0
2000,Denver,556740.0
2000,Dolores,1847.0
2000,Douglas,180511.0
2000,Eagle,43288.0
2000,El Paso,519803.0
2000,Elbert,20102.0
2000,Fremont,46369.0
2000,Garfield,44239.0
2000,Gilpin,4807.0
2000,Grand,12852.0
2000,Gunnison,13988.0
2000,Hinsdale,792.0
2000,Huerfano,7826.0
2000,Jackson,1574.0
2000,Jefferson,526716.0
2000,Kiowa,1612.0
2000,Kit Carson,7975.0
2000,La Plata,44578.0
2000,Lake,7939.0
2000,Larimer,253087.0
2000,Las Animas,15286.0
2000,Lincoln,6164.0
2000,Logan,20656.0
2000,Mesa,117649.0
2000,Mineral,836.0
2000,Moffat,13182.0
2000,Montezuma,23852.0
2000,Montrose,33579.0
2000,Morgan,27250.0
2000,Otero,20244.0
2000,Ouray,3776.0
2000,Park,14728.0
2000,Phillips,4451.0
2000,Pitkin,15763.0
2000,Prowers,14452.0
2000,Pueblo,141854.0
2000,Rio Blanco,5967.0
2000,Rio Grande,12429.0
2000,Routt,20122.0
2000,Saguache,5982.0
2000,San Juan,574.0
2000,San Miguel,6614.0
2000,Sedgwick,2742.0
2000,Summit,25708.0
2000,Teller,21067.0
2000,Washington,4942.0
2000,Weld,183074.0
2000,Yuma,9815.0
2001,Adams,359437.0
2001,Alamosa,15231.0
2001,Arapahoe,501671.0
2001,Archuleta,10465.0
2001,Baca,4447.0
2001,Bent,5882.0
2001,Boulder,283510.0
2001,Broomfield,41387.0
2001,Chaffee,16410.0
2001,Cheyenne,2173.0
2001,Clear Creek,9464.0
2001,Conejos,8365.0
2001,Costilla,3741.0
2001,Crowley,5253.0
2001,Custer,3730.0
2001,Delta,28387.0
2001,Denver,563300.0
2001,Dolores,1865.0
2001,Douglas,199038.0
2001,Eagle,44440.0
2001,El Paso,536336.0
2001,Elbert,21294.0
2001,Fremont,46733.0
2001,Garfield,45907.0
2001,Gilpin,4829.0
2001,Grand,13283.0
2001,Gunnison,14345.0
2001,Hinsdale,804.0
2001,Huerfano,7905.0
2001,Jackson,1590.0
2001,Jefferson,528067.0
2001,Kiowa,1606.0
2001,Kit Carson,8073.0
2001,La Plata,45645.0
2001,Lake,7821.0
2001,Larimer,260911.0
2001,Las Animas,15310.0
2001,Lincoln,6076.0
2001,Logan,22354.0
2001,Mesa,119864.0
2001,Mineral,820.0
2001,Moffat,13089.0
2001,Montezuma,23873.0
2001,Montrose,34442.0
2001,Morgan,27475.0
2001,Otero,19900.0
2001,Ouray,3809.0
2001,Park,15172.0
2001,Phillips,4487.0
2001,Pitkin,16184.0
2001,Prowers,14109.0
2001,Pueblo,143996.0
2001,Rio Blanco,5880.0
2001,Rio Grande,12406.0
2001,Routt,20436.0
2001,Saguache,6083.0
2001,San Juan,566.0
2001,San Miguel,6900.0
2001,Sedgwick,2694.0
2001,Summit,26293.0
2001,Teller,21738.0
2001,Washington,4899.0
2001,Weld,192482.0
2001,Yuma,9831.0
2002,Adams,371181.0
2002,Alamosa,15266.0
2002,Arapahoe,510503.0
2002,Archuleta,10700.0
2002,Baca,4315.0
2002,Bent,6203.0
2002,Boulder,284433.0
2002,Broomfield,42432.0
2002,Chaffee,16646.0
2002,Cheyenne,2162.0
2002,Clear Creek,9466.0
2002,Conejos,8389.0
2002,Costilla,3734.0
2002,Crowley,5344.0
2002,Custer,3783.0
2002,Delta,28778.0
2002,Denver,559090.0
2002,Dolores,1880.0
2002,Douglas,209705.0
2002,Eagle,45100.0
2002,El Paso,545240.0
2002,Elbert,21604.0
2002,Fremont,46969.0
2002,Garfield,46728.0
2002,Gilpin,4830.0
2002,Grand,13461.0
2002,Gunnison,14316.0
2002,Hinsdale,806.0
2002,Huerfano,7916.0
2002,Jackson,1591.0
2002,Jefferson,527539.0
2002,Kiowa,1566.0
2002,Kit Carson,8289.0
2002,La Plata,46089.0
2002,Lake,7726.0
2002,Larimer,266171.0
2002,Las Animas,15659.0
2002,Lincoln,6047.0
2002,Logan,22095.0
2002,Mesa,121787.0
2002,Mineral,805.0
2002,Moffat,13134.0
2002,Montezuma,24109.0
2002,Montrose,34926.0
2002,Morgan,27662.0
2002,Otero,19624.0
2002,Ouray,3903.0
2002,Park,15417.0
2002,Phillips,4496.0
2002,Pitkin,16101.0
2002,Prowers,14011.0
2002,Pueblo,146481.0
2002,Rio Blanco,5936.0
2002,Rio Grande,12409.0
2002,Routt,20892.0
2002,Saguache,6245.0
2002,San Juan,599.0
2002,San Miguel,7042.0
2002,Sedgwick,2694.0
2002,Summit,26514.0
2002,Teller,21989.0
2002,Washington,5259.0
2002,Weld,198975.0
2002,Yuma,9947.0
2003,Adams,377665.0
2003,Alamosa,15360.0
2003,Arapahoe,516354.0
2003,Archuleta,10964.0
2003,Baca,4258.0
2003,Bent,6653.0
2003,Boulder,282763.0
2003,Broomfield,44960.0
2003,Chaffee,16794.0
2003,Cheyenne,2119.0
2003,Clear Creek,9517.0
2003,Conejos,8387.0
2003,Costilla,3800.0
2003,Crowley,5156.0
2003,Custer,3934.0
2003,Delta,29061.0
2003,Denver,560348.0
2003,Dolores,1879.0
2003,Douglas,221146.0
2003,Eagle,45758.0
2003,El Paso,551668.0
2003,Elbert,21933.0
2003,Fremont,46828.0
2003,Garfield,47484.0
2003,Gilpin,4851.0
2003,Grand,13688.0
2003,Gunnison,14206.0
2003,Hinsdale,784.0
2003,Huerfano,8042.0
2003,Jackson,1586.0
2003,Jefferson,525429.0
2003,Kiowa,1548.0
2003,Kit Carson,8185.0
2003,La Plata,46447.0
2003,Lake,7520.0
2003,Larimer,268146.0
2003,Las Animas,16089.0
2003,Lincoln,6052.0
2003,Logan,22371.0
2003,Mesa,124152.0
2003,Mineral,830.0
2003,Moffat,13054.0
2003,Montezuma,24378.0
2003,Montrose,35640.0
2003,Morgan,27855.0
2003,Otero,19667.0
2003,Ouray,3905.0
2003,Park,15789.0
2003,Phillips,4477.0
2003,Pitkin,16275.0
2003,Prowers,13822.0
2003,Pueblo,147972.0
2003,Rio Blanco,5855.0
2003,Rio Grande,12619.0
2003,Routt,21128.0
2003,Saguache,6279.0
2003,San Juan,615.0
2003,San Miguel,7010.0
2003,Sedgwick,2715.0
2003,Summit,26706.0
2003,Teller,22218.0
2003,Washington,5140.0
2003,Weld,207157.0
2003,Yuma,10093.0
2004,Adams,385945.0
2004,Alamosa,15406.0
2004,Arapahoe,523715.0
2004,Archuleta,11171.0
2004,Baca,4166.0
2004,Bent,6357.0
2004,Boulder,283288.0
2004,Broomfield,46406.0
2004,Chaffee,16946.0
2004,Cheyenne,2070.0
2004,Clear Creek,9461.0
2004,Conejos,8501.0
2004,Costilla,3802.0
2004,Crowley,5432.0
2004,Custer,3984.0
2004,Delta,29453.0
2004,Denver,560230.0
2004,Dolores,1873.0
2004,Douglas,233646.0
2004,Eagle,46485.0
2004,El Paso,558455.0
2004,Elbert,22041.0
2004,Fremont,46540.0
2004,Garfield,48156.0
2004,Gilpin,4825.0
2004,Grand,13912.0
2004,Gunnison,14230.0
2004,Hinsdale,831.0
2004,Huerfano,7729.0
2004,Jackson,1521.0
2004,Jefferson,524876.0
2004,Kiowa,1523.0
2004,Kit Carson,8257.0
2004,La Plata,46926.0
2004,Lake,7416.0
2004,Larimer,273269.0
2004,Las Animas,15700.0
2004,Lincoln,5907.0
2004,Logan,22181.0
2004,Mesa,126626.0
2004,Mineral,842.0
2004,Moffat,13063.0
2004,Montezuma,24607.0
2004,Montrose,36131.0
2004,Morgan,27912.0
2004,Otero,19561.0
2004,Ouray,4023.0
2004,Park,15913.0
2004,Phillips,4580.0
2004,Pitkin,16077.0
2004,Prowers,13656.0
2004,Pueblo,148720.0
2004,Rio Blanco,5904.0
2004,Rio Grande,12824.0
2004,Routt,21293.0
2004,Saguache,6240.0
2004,San Juan,635.0
2004,San Miguel,7027.0
2004,Sedgwick,2606.0
2004,Summit,26707.0
2004,Teller,22218.0
2004,Washington,5060.0
2004,Weld,214069.0
2004,Yuma,9885.0
2005,Adams,395384.0
2005,Alamosa,15395.0
2005,Arapahoe,528214.0
2005,Archuleta,11402.0
2005,Baca,4098.0
2005,Bent,6261.0
2005,Boulder,282910.0
2005,Broomfield,48251.0
2005,Chaffee,17022.0
2005,Cheyenne,2041.0
2005,Clear Creek,9392.0
2005,Conejos,8500.0
2005,Costilla,3695.0
2005,Crowley,5437.0
2005,Custer,4045.0
2005,Delta,29412.0
2005,Denver,559459.0
2005,Dolores,1888.0
2005,Douglas,244442.0
2005,Eagle,47278.0
2005,El Paso,569322.0
2005,Elbert,22259.0
2005,Fremont,46447.0
2005,Garfield,49256.0
2005,Gilpin,4892.0
2005,Grand,13897.0
2005,Gunnison,14473.0
2005,Hinsdale,813.0
2005,Huerfano,7823.0
2005,Jackson,1492.0
2005,Jefferson,523517.0
2005,Kiowa,1543.0
2005,Kit Carson,7998.0
2005,La Plata,47713.0
2005,Lake,7284.0
2005,Larimer,275873.0
2005,Las Animas,15570.0
2005,Lincoln,5787.0
2005,Logan,22088.0
2005,Mesa,128999.0
2005,Mineral,806.0
2005,Moffat,12965.0
2005,Montezuma,24603.0
2005,Montrose,36997.0
2005,Morgan,27947.0
2005,Otero,19370.0
2005,Ouray,4084.0
2005,Park,16061.0
2005,Phillips,4548.0
2005,Pitkin,16136.0
2005,Prowers,13510.0
2005,Pueblo,149969.0
2005,Rio Blanco,5818.0
2005,Rio Grande,12696.0
2005,Routt,21453.0
2005,Saguache,6284.0
2005,San Juan,645.0
2005,San Miguel,7045.0
2005,Sedgwick,2578.0
2005,Summit,26623.0
2005,Teller,22505.0
2005,Washington,4995.0
2005,Weld,223432.0
2005,Yuma,9892.0
2006,Adams,407587.0
2006,Alamosa,15350.0
2006,Arapahoe,536051.0
2006,Archuleta,11798.0
2006,Baca,4088.0
2006,Bent,6076.0
2006,Boulder,286133.0
2006,Broomfield,51152.0
2006,Chaffee,16984.0
2006,Cheyenne,1977.0
2006,Clear Creek,9279.0
2006,Conejos,8470.0
2006,Costilla,3698.0
2006,Crowley,5713.0
2006,Custer,4017.0
2006,Delta,29702.0
2006,Denver,562862.0
2006,Dolores,1990.0
2006,Douglas,257833.0
2006,Eagle,48214.0
2006,El Paso,582502.0
2006,Elbert,22527.0
2006,Fremont,46703.0
2006,Garfield,51106.0
2006,Gilpin,4953.0
2006,Grand,14135.0
2006,Gunnison,14650.0
2006,Hinsdale,830.0
2006,Huerfano,7750.0
2006,Jackson,1443.0
2006,Jefferson,524579.0
2006,Kiowa,1514.0
2006,Kit Carson,7946.0
2006,La Plata,48408.0
2006,Lake,7217.0
2006,Larimer,281027.0
2006,Las Animas,15552.0
2006,Lincoln,5665.0
2006,Logan,22267.0
2006,Mesa,133128.0
2006,Mineral,789.0
2006,Moffat,13102.0
2006,Montezuma,25017.0
2006,Montrose,37968.0
2006,Morgan,27983.0
2006,Otero,19193.0
2006,Ouray,4137.0
2006,Park,16128.0
2006,Phillips,4504.0
2006,Pitkin,16087.0
2006,Prowers,13208.0
2006,Pueblo,152064.0
2006,Rio Blanco,5981.0
2006,Rio Grande,12439.0
2006,Routt,21886.0
2006,Saguache,6241.0
2006,San Juan,672.0
2006,San Miguel,7059.0
2006,Sedgwick,2515.0
2006,Summit,26839.0
2006,Teller,22791.0
2006,Washington,4981.0
2006,Weld,231283.0
2006,Yuma,9917.0
2007,Adams,415915.0
2007,Alamosa,15293.0
2007,Arapahoe,545882.0
2007,Archuleta,12108.0
2007,Baca,3993.0
2007,Bent,5773.0
2007,Boulder,288757.0
2007,Broomfield,53328.0
2007,Chaffee,17238.0
2007,Cheyenne,1910.0
2007,Clear Creek,9333.0
2007,Conejos,8433.0
2007,Costilla,3676.0
2007,Crowley,5907.0
2007,Custer,4130.0
2007,Delta,29877.0
2007,Denver,570437.0
2007,Dolores,2001.0
2007,Douglas,268599.0
2007,Eagle,49284.0
2007,El Paso,588772.0
2007,Elbert,22478.0
2007,Fremont,46654.0
2007,Garfield,52676.0
2007,Gilpin,4964.0
2007,Grand,14339.0
2007,Gunnison,14957.0
2007,Hinsdale,845.0
2007,Huerfano,7658.0
2007,Jackson,1422.0
2007,Jefferson,527120.0
2007,Kiowa,1471.0
2007,Kit Carson,7835.0
2007,La Plata,49146.0
2007,Lake,7271.0
2007,Larimer,286754.0
2007,Las Animas,15525.0
2007,Lincoln,5571.0
2007,Logan,22403.0
2007,Mesa,137390.0
2007,Mineral,803.0
2007,Moffat,13270.0
2007,Montezuma,25177.0
2007,Montrose,39131.0
2007,Morgan,27848.0
2007,Otero,18937.0
2007,Ouray,4274.0
2007,Park,16336.0
2007,Phillips,4484.0
2007,Pitkin,16236.0
2007,Prowers,12772.0
2007,Pueblo,154759.0
2007,Rio Blanco,6093.0
2007,Rio Grande,12167.0
2007,Routt,22415.0
2007,Saguache,6159.0
2007,San Juan,686.0
2007,San Miguel,7276.0
2007,Sedgwick,2422.0
2007,Summit,27163.0
2007,Teller,23164.0
2007,Washington,4927.0
2007,Weld,238279.0
2007,Yuma,9881.0
2008,Adams,425138.0
2008,Alamosa,15346.0
2008,Arapahoe,556246.0
2008,Archuleta,12074.0
2008,Baca,3906.0
2008,Bent,6008.0
2008,Boulder,291827.0
2008,Broomfield,54400.0
2008,Chaffee,17403.0
2008,Cheyenne,1898.0
2008,Clear Creek,9294.0
2008,Conejos,8384.0
2008,Costilla,3611.0
2008,Crowley,5893.0
2008,Custer,4119.0
2008,Delta,30342.0
2008,Denver,581903.0
2008,Dolores,2074.0
2008,Douglas,276740.0
2008,Eagle,50301.0
2008,El Paso,599060.0
2008,Elbert,22663.0
2008,Fremont,46774.0
2008,Garfield,54226.0
2008,Gilpin,5084.0
2008,Grand,14535.0
2008,Gunnison,15137.0
2008,Hinsdale,824.0
2008,Huerfano,7680.0
2008,Jackson,1381.0
2008,Jefferson,530565.0
2008,Kiowa,1432.0
2008,Kit Carson,8042.0
2008,La Plata,50073.0
2008,Lake,7269.0
2008,Larimer,292394.0
2008,Las Animas,15486.0
2008,Lincoln,5522.0
2008,Logan,22324.0
2008,Mesa,140680.0
2008,Mineral,767.0
2008,Moffat,13446.0
2008,Montezuma,25200.0
2008,Montrose,39952.0
2008,Morgan,27746.0
2008,Otero,18853.0
2008,Ouray,4407.0
2008,Park,16278.0
2008,Phillips,4451.0
2008,Pitkin,16673.0
2008,Prowers,12682.0
2008,Pueblo,156252.0
2008,Rio Blanco,6160.0
2008,Rio Grande,12105.0
2008,Routt,22931.0
2008,Saguache,6176.0
2008,San Juan,698.0
2008,San Miguel,7304.0
2008,Sedgwick,2420.0
2008,Summit,27464.0
2008,Teller,23102.0
2008,Washington,4802.0
2008,Weld,244116.0
2008,Yuma,9895.0
2009,Adams,436323.0
2009,Alamosa,15301.0
2009,Arapahoe,566480.0
2009,Archuleta,11899.0
2009,Baca,3814.0
2009,Bent,6481.0
2009,Boulder,293641.0
2009,Broomfield,55378.0
2009,Chaffee,17604.0
2009,Cheyenne,1833.0
2009,Clear Creek,9060.0
2009,Conejos,8210.0
2009,Costilla,3505.0
2009,Crowley,5803.0
2009,Custer,4166.0
2009,Delta,30625.0
2009,Denver,595573.0
2009,Dolores,2052.0
2009,Douglas,282163.0
2009,Eagle,51520.0
2009,El Paso,608518.0
2009,Elbert,22890.0
2009,Fremont,46635.0
2009,Garfield,55400.0
2009,Gilpin,5396.0
2009,Grand,14664.0
2009,Gunnison,15266.0
2009,Hinsdale,827.0
2009,Huerfano,6710.0
2009,Jackson,1386.0
2009,Jefferson,532606.0
2009,Kiowa,1392.0
2009,Kit Carson,8269.0
2009,La Plata,50759.0
2009,Lake,7174.0
2009,Larimer,297502.0
2009,Las Animas,15477.0
2009,Lincoln,5463.0
2009,Logan,22517.0
2009,Mesa,144795.0
2009,Mineral,714.0
2009,Moffat,13544.0
2009,Montezuma,25365.0
2009,Montrose,40680.0
2009,Morgan,28026.0
2009,Otero,18844.0
2009,Ouray,4372.0
2009,Park,15971.0
2009,Phillips,4454.0
2009,Pitkin,17053.0
2009,Prowers,12576.0
2009,Pueblo,157324.0
2009,Rio Blanco,6317.0
2009,Rio Grande,11995.0
2009,Routt,23325.0
2009,Saguache,6126.0
2009,San Juan,687.0
2009,San Miguel,7267.0
2009,Sedgwick,2376.0
2009,Summit,27783.0
2009,Teller,23205.0
2009,Washington,4777.0
2009,Weld,248959.0
2009,Yuma,10036.0
2010,Adams,443709.0
2010,Alamosa,15454.0
2010,Arapahoe,574808.0
2010,Archuleta,12082.0
2010,Baca,3765.0
2010,Bent,6523.0
2010,Boulder,295610.0
2010,Broomfield,56098.0
2010,Chaffee,17835.0
2010,Cheyenne,1811.0
2010,Clear Creek,9083.0
2010,Conejos,8293.0
2010,Costilla,3549.0
2010,Crowley,5850.0
2010,Custer,4248.0
2010,Delta,30897.0
2010,Denver,604875.0
2010,Dolores,2084.0
2010,Douglas,287119.0
2010,Eagle,52064.0
2010,El Paso,627238.0
2010,Elbert,23140.0
2010,Fremont,46856.0
2010,Garfield,56153.0
2010,Gilpin,5461.0
2010,Grand,14790.0
2010,Gunnison,15314.0
2010,Hinsdale,825.0
2010,Huerfano,6639.0
2010,Jackson,1417.0
2010,Jefferson,535648.0
2010,Kiowa,1410.0
2010,Kit Carson,8259.0
2010,La Plata,51443.0
2010,Lake,7288.0
2010,Larimer,300545.0
2010,Las Animas,15383.0
2010,Lincoln,5502.0
2010,Logan,22291.0
2010,Mesa,146587.0
2010,Mineral,728.0
2010,Moffat,13812.0
2010,Montezuma,25515.0
2010,Montrose,41179.0
2010,Morgan,28213.0
2010,Otero,18875.0
2010,Ouray,4471.0
2010,Park,16277.0
2010,Phillips,4467.0
2010,Pitkin,17147.0
2010,Prowers,12527.0
2010,Pueblo,159464.0
2010,Rio Blanco,6634.0
2010,Rio Grande,12018.0
2010,Routt,23451.0
2010,Saguache,6101.0
2010,San Juan,713.0
2010,San Miguel,7393.0
2010,Sedgwick,2403.0
2010,Summit,28078.0
2010,Teller,23402.0
2010,Washington,4851.0
2010,Weld,254240.0
2010,Yuma,10030.0
2011,Adams,451749.0
2011,Alamosa,15679.0
2011,Arapahoe,585507.0
2011,Archuleta,12003.0
2011,Baca,3799.0
2011,Bent,6304.0
2011,Boulder,300171.0
2011,Broomfield,57211.0
2011,Chaffee,18012.0
2011,Cheyenne,1864.0
2011,Clear Creek,9070.0
2011,Conejos,8282.0
2011,Costilla,3647.0
2011,Crowley,5817.0
2011,Custer,4227.0
2011,Delta,30370.0
2011,Denver,620684.0
2011,Dolores,2025.0
2011,Douglas,292478.0
2011,Eagle,51649.0
2011,El Paso,638289.0
2011,Elbert,23213.0
2011,Fremont,47406.0
2011,Garfield,56005.0
2011,Gilpin,5448.0
2011,Grand,14548.0
2011,Gunnison,15269.0
2011,Hinsdale,824.0
2011,Huerfano,6504.0
2011,Jackson,1372.0
2011,Jefferson,539721.0
2011,Kiowa,1445.0
2011,Kit Carson,8181.0
2011,La Plata,51866.0
2011,Lake,7382.0
2011,Larimer,305078.0
2011,Las Animas,15045.0
2011,Lincoln,5397.0
2011,Logan,22254.0
2011,Mesa,148108.0
2011,Mineral,706.0
2011,Moffat,13402.0
2011,Montezuma,25463.0
2011,Montrose,40894.0
2011,Morgan,28434.0
2011,Otero,18831.0
2011,Ouray,4422.0
2011,Park,16096.0
2011,Phillips,4373.0
2011,Pitkin,17125.0
2011,Prowers,12467.0
2011,Pueblo,160157.0
2011,Rio Blanco,6696.0
2011,Rio Grande,11905.0
2011,Routt,23237.0
2011,Saguache,6184.0
2011,San Juan,693.0
2011,San Miguel,7477.0
2011,Sedgwick,2367.0
2011,Summit,27954.0
2011,Teller,23294.0
2011,Washington,4789.0
2011,Weld,258551.0
2011,Yuma,10118.0
2012,Adams,460064.0
2012,Alamosa,15687.0
2012,Arapahoe,595776.0
2012,Archuleta,12109.0
2012,Baca,3746.0
2012,Bent,5778.0
2012,Boulder,305016.0
2012,Broomfield,58715.0
2012,Chaffee,18123.0
2012,Cheyenne,1875.0
2012,Clear Creek,9103.0
2012,Conejos,8246.0
2012,Costilla,3601.0
2012,Crowley,5376.0
2012,Custer,4241.0
2012,Delta,30461.0
2012,Denver,634471.0
2012,Dolores,1990.0
2012,Douglas,298638.0
2012,Eagle,51849.0
2012,El Paso,647446.0
2012,Elbert,23371.0
2012,Fremont,47075.0
2012,Garfield,56770.0
2012,Gilpin,5457.0
2012,Grand,14157.0
2012,Gunnison,15384.0
2012,Hinsdale,795.0
2012,Huerfano,6563.0
2012,Jackson,1338.0
2012,Jefferson,545880.0
2012,Kiowa,1425.0
2012,Kit Carson,8088.0
2012,La Plata,52457.0
2012,Lake,7291.0
2012,Larimer,310717.0
2012,Las Animas,14966.0
2012,Lincoln,5438.0
2012,Logan,22003.0
2012,Mesa,148291.0
2012,Mineral,706.0
2012,Moffat,13135.0
2012,Montezuma,25441.0
2012,Montrose,40691.0
2012,Morgan,28241.0
2012,Otero,18660.0
2012,Ouray,4510.0
2012,Park,16052.0
2012,Phillips,4384.0
2012,Pitkin,17222.0
2012,Prowers,12380.0
2012,Pueblo,160759.0
2012,Rio Blanco,6774.0
2012,Rio Grande,11865.0
2012,Routt,23257.0
2012,Saguache,6316.0
2012,San Juan,692.0
2012,San Miguel,7570.0
2012,Sedgwick,2370.0
2012,Summit,28213.0
2012,Teller,23349.0
2012,Washington,4716.0
2012,Weld,263924.0
2012,Yuma,10082.0
2013,Adams,469477.0
2013,Alamosa,15804.0
2013,Arapahoe,607145.0
2013,Archuleta,12211.0
2013,Baca,3679.0
2013,Bent,5708.0
2013,Boulder,309971.0
2013,Broomfield,59975.0
2013,Chaffee,18281.0
2013,Cheyenne,1889.0
2013,Clear Creek,9095.0
2013,Conejos,8229.0
2013,Costilla,3537.0
2013,Crowley,5278.0
2013,Custer,4287.0
2013,Delta,30322.0
2013,Denver,648162.0
2013,Dolores,2021.0
2013,Douglas,306627.0
2013,Eagle,52334.0
2013,El Paso,656981.0
2013,Elbert,23632.0
2013,Fremont,46441.0
2013,Garfield,56947.0
2013,Gilpin,5571.0
2013,Grand,14271.0
2013,Gunnison,15591.0
2013,Hinsdale,804.0
2013,Huerfano,6470.0
2013,Jackson,1353.0
2013,Jefferson,551411.0
2013,Kiowa,1404.0
2013,Kit Carson,8269.0
2013,La Plata,53405.0
2013,Lake,7317.0
2013,Larimer,316284.0
2013,Las Animas,14378.0
2013,Lincoln,5414.0
2013,Logan,21809.0
2013,Mesa,148232.0
2013,Mineral,727.0
2013,Moffat,13080.0
2013,Montezuma,25660.0
2013,Montrose,40674.0
2013,Morgan,28219.0
2013,Otero,18505.0
2013,Ouray,4544.0
2013,Park,16188.0
2013,Phillips,4359.0
2013,Pitkin,17390.0
2013,Prowers,12271.0
2013,Pueblo,161085.0
2013,Rio Blanco,6722.0
2013,Rio Grande,11696.0
2013,Routt,23550.0
2013,Saguache,6221.0
2013,San Juan,700.0
2013,San Miguel,7629.0
2013,Sedgwick,2343.0
2013,Summit,28660.0
2013,Teller,23271.0
2013,Washington,4765.0
2013,Weld,269981.0
2013,Yuma,10157.0
2014,Adams,479777.0
2014,Alamosa,15845.0
2014,Arapahoe,617936.0
2014,Archuleta,12258.0
2014,Baca,3624.0
2014,Bent,5747.0
2014,Boulder,313190.0
2014,Broomfield,61554.0
2014,Chaffee,18459.0
2014,Cheyenne,1847.0
2014,Clear Creek,9210.0
2014,Conejos,8246.0
2014,Costilla,3560.0
2014,Crowley,5550.0
2014,Custer,4368.0
2014,Delta,29988.0
2014,Denver,662855.0
2014,Dolores,1965.0
2014,Douglas,314804.0
2014,Eagle,52761.0
2014,El Paso,665052.0
2014,Elbert,24093.0
2014,Fremont,46389.0
2014,Garfield,57260.0
2014,Gilpin,5769.0
2014,Grand,14451.0
2014,Gunnison,15767.0
2014,Hinsdale,774.0
2014,Huerfano,6395.0
2014,Jackson,1389.0
2014,Jefferson,558610.0
2014,Kiowa,1394.0
2014,Kit Carson,8039.0
2014,La Plata,53978.0
2014,Lake,7370.0
2014,Larimer,324105.0
2014,Las Animas,14078.0
2014,Lincoln,5509.0
2014,Logan,22099.0
2014,Mesa,148250.0
2014,Mineral,696.0
2014,Moffat,12866.0
2014,Montezuma,25806.0
2014,Montrose,40769.0
2014,Morgan,28127.0
2014,Otero,18398.0
2014,Ouray,4582.0
2014,Park,16356.0
2014,Phillips,4379.0
2014,Pitkin,17623.0
2014,Prowers,12023.0
2014,Pueblo,161618.0
2014,Rio Blanco,6626.0
2014,Rio Grande,11542.0
2014,Routt,24010.0
2014,Saguache,6171.0
2014,San Juan,719.0
2014,San Miguel,7751.0
2014,Sedgwick,2331.0
2014,Summit,29213.0
2014,Teller,23402.0
2014,Washington,4772.0
2014,Weld,275845.0
2014,Yuma,10178.0
2015,Adams,489923.0
2015,Alamosa,15968.0
2015,Arapahoe,629066.0
2015,Archuleta,12417.0
2015,Baca,3594.0
2015,Bent,5847.0
2015,Boulder,318570.0
2015,Broomfield,64656.0
2015,Chaffee,18603.0
2015,Cheyenne,1830.0
2015,Clear Creek,9392.0
2015,Conejos,8074.0
2015,Costilla,3572.0
2015,Crowley,5569.0
2015,Custer,4457.0
2015,Delta,29973.0
2015,Denver,680658.0
2015,Dolores,1972.0
2015,Douglas,322198.0
2015,Eagle,53320.0
2015,El Paso,676178.0
2015,Elbert,24640.0
2015,Fremont,46659.0
2015,Garfield,57779.0
2015,Gilpin,5824.0
2015,Grand,14602.0
2015,Gunnison,16097.0
2015,Hinsdale,767.0
2015,Huerfano,6456.0
2015,Jackson,1353.0
2015,Jefferson,564619.0
2015,Kiowa,1396.0
2015,Kit Carson,8219.0
2015,La Plata,54857.0
2015,Lake,7502.0
2015,Larimer,332830.0
2015,Las Animas,14061.0
2015,Lincoln,5549.0
2015,Logan,22122.0
2015,Mesa,149023.0
2015,Mineral,729.0
2015,Moffat,12884.0
2015,Montezuma,26129.0
2015,Montrose,40795.0
2015,Morgan,28230.0
2015,Otero,18265.0
2015,Ouray,4647.0
2015,Park,16716.0
2015,Phillips,4307.0
2015,Pitkin,17845.0
2015,Prowers,11905.0
2015,Pueblo,163196.0
2015,Rio Blanco,6529.0
2015,Rio Grande,11413.0
2015,Routt,24310.0
2015,Saguache,6219.0
2015,San Juan,696.0
2015,San Miguel,7843.0
2015,Sedgwick,2389.0
2015,Summit,29928.0
2015,Teller,23431.0
2015,Washington,4834.0
2015,Weld,284571.0
2015,Yuma,10052.0
2016,Adams,497673.0
2016,Alamosa,16131.0
2016,Arapahoe,637254.0
2016,Archuleta,12907.0
2016,Baca,3557.0
2016,Bent,5626.0
2016,Boulder,321989.0
2016,Broomfield,66252.0
2016,Chaffee,19097.0
2016,Cheyenne,1853.0
2016,Clear Creek,9443.0
2016,Conejos,8039.0
2016,Costilla,3707.0
2016,Crowley,5214.0
2016,Custer,4617.0
2016,Delta,30471.0
2016,Denver,693292.0
2016,Dolores,2035.0
2016,Douglas,328330.0
2016,Eagle,53928.0
2016,El Paso,690207.0
2016,Elbert,25169.0
2016,Fremont,47487.0
2016,Garfield,58984.0
2016,Gilpin,5926.0
2016,Grand,15039.0
2016,Gunnison,16394.0
2016,Hinsdale,775.0
2016,Huerfano,6642.0
2016,Jackson,1351.0
2016,Jefferson,571711.0
2016,Kiowa,1347.0
2016,Kit Carson,7639.0
2016,La Plata,55697.0
2016,Lake,7595.0
2016,Larimer,338663.0
2016,Las Animas,14082.0
2016,Lincoln,5554.0
2016,Logan,22047.0
2016,Mesa,150731.0
2016,Mineral,737.0
2016,Moffat,13088.0
2016,Montezuma,26906.0
2016,Montrose,41421.0
2016,Morgan,28148.0
2016,Otero,18290.0
2016,Ouray,4844.0
2016,Park,17285.0
2016,Phillips,4285.0
2016,Pitkin,17773.0
2016,Prowers,11841.0
2016,Pueblo,165109.0
2016,Rio Blanco,6497.0
2016,Rio Grande,11424.0
2016,Routt,24679.0
2016,Saguache,6404.0
2016,San Juan,698.0
2016,San Miguel,8000.0
2016,Sedgwick,2421.0
2016,Summit,30367.0
2016,Teller,24154.0
2016,Washington,4875.0
2016,Weld,294397.0
2016,Yuma,10082.0
2017,Adams,509473.337156029
2017,Alamosa,16308.0131864636
2017,Arapahoe,646724.941049927
2017,Archuleta,13152.2655436009
2017,Baca,3544.60188546426
2017,Bent,5660.76811170156
2017,Boulder,325606.872419941
2017,Broomfield,68552.1758233959
2017,Chaffee,19391.2123457374
2017,Cheyenne,1853.85588984289
2017,Clear Creek,9455.70458024601
2017,Conejos,8056.22689193073
2017,Costilla,3737.68068930767
2017,Crowley,5257.41840729274
2017,Custer,4664.97356178449
2017,Delta,30562.1958645677
2017,Denver,703462.16070098
2017,Dolores,2050.20766127604
2017,Douglas,334525.319936477
2017,Eagle,54841.8910996237
2017,El Paso,701403.712067477
2017,Elbert,26450.8286295597
2017,Fremont,47570.0624168058
2017,Garfield,60271.5270430257
2017,Gilpin,5962.30671666961
2017,Grand,15370.7080275697
2017,Gunnison,16609.3561534509
2017,Hinsdale,795.159111243559
2017,Huerfano,6634.30444565034
2017,Jackson,1346.40028088418
2017,Jefferson,578626.98619088
2017,Kiowa,1348.24175588539
2017,Kit Carson,7678.00820075162
2017,La Plata,57004.0980447239
2017,Lake,7624.86579910563
2017,Larimer,345034.980860027
2017,Las Animas,14083.1216269246
2017,Lincoln,5615.53161144873
2017,Logan,22310.3172429599
2017,Mesa,152002.962959561
2017,Mineral,744.105150871944
2017,Moffat,13122.1581445814
2017,Montezuma,27445.1798814535
2017,Montrose,42189.3062378763
2017,Morgan,28435.356041826
2017,Otero,18334.5233851843
2017,Ouray,4912.85660613429
2017,Park,17608.3620720407
2017,Phillips,4277.64127099015
2017,Pitkin,18005.8118392542
2017,Prowers,11881.2663777954
2017,Pueblo,167022.450447663
2017,Rio Blanco,6511.82636718614
2017,Rio Grande,11435.5922857417
2017,Routt,25135.970783283
2017,Saguache,6457.89919587771
2017,San Juan,703.725104480826
2017,San Miguel,8266.4456871235
2017,Sedgwick,2411.66295173673
2017,Summit,30959.3403041334
2017,Teller,24649.9030148945
2017,Washington,4904.65211184796
2017,Weld,304803.027929179
2017,Yuma,10142.388550177
2018,Adams,520398.444018149
2018,Alamosa,16504.5271592768
2018,Arapahoe,656214.225632911
2018,Archuleta,13422.3055929976
2018,Baca,3530.75223076424
2018,Bent,5713.24420624889
2018,Boulder,329210.707018192
2018,Broomfield,70886.3435015135
2018,Chaffee,19683.6019376392
2018,Cheyenne,1852.13737710138
2018,Clear Creek,9517.54452330457
2018,Conejos,8063.19596406876
2018,Costilla,3751.64708402816
2018,Crowley,5305.70458495323
2018,Custer,4711.47509919312
2018,Delta,30696.0527807464
2018,Denver,713529.066433193
2018,Dolores,2058.71104301108
2018,Douglas,340395.7384688
2018,Eagle,55753.7846209457
2018,El Paso,712641.382094673
2018,Elbert,27739.8121692236
2018,Fremont,47649.1310060836
2018,Garfield,61560.401529057
2018,Gilpin,5994.71829784161
2018,Grand,15696.5848938448
2018,Gunnison,16816.4032574229
2018,Hinsdale,811.305965445738
2018,Huerfano,6626.36528196558
2018,Jackson,1341.8366397901
2018,Jefferson,585558.341363941
2018,Kiowa,1349.9788266281
2018,Kit Carson,7679.28306488208
2018,La Plata,58363.6378710569
2018,Lake,7652.68038203178
2018,Larimer,351126.165308171
2018,Las Animas,14075.7685410556
2018,Lincoln,5677.00032699362
2018,Logan,22570.7621658135
2018,Mesa,153648.533806468
2018,Mineral,750.787358909408
2018,Moffat,13149.5586344491
2018,Montezuma,27985.4299551916
2018,Montrose,42846.1773189856
2018,Morgan,28718.2786489487
2018,Otero,18357.8867746224
2018,Ouray,4982.2500367699
2018,Park,17927.2926115643
2018,Phillips,4280.18169428214
2018,Pitkin,18232.0145830197
2018,Prowers,11914.7472451972
2018,Pueblo,168888.599369395
2018,Rio Blanco,6525.48204078965
2018,Rio Grande,11443.0943357247
2018,Routt,25586.6837130139
2018,Saguache,6508.77611263347
2018,San Juan,709.058843628554
2018,San Miguel,8530.0953040615
2018,Sedgwick,2402.19537324029
2018,Summit,31556.4210738948
2018,Teller,25141.8145821683
2018,Washington,4920.09532295014
2018,Weld,315281.499408381
2018,Yuma,10200.6351994231
2019,Adams,531445.013629945
2019,Alamosa,16705.6029368299
2019,Arapahoe,666263.728409522
2019,Archuleta,13689.3542910208
2019,Baca,3514.79692568561
2019,Bent,5765.66079362914
2019,Boulder,332817.565920431
2019,Broomfield,73245.6125294607
2019,Chaffee,19975.5301800894
2019,Cheyenne,1850.70629559053
2019,Clear Creek,9576.98798722693
2019,Conejos,8070.12724432651
2019,Costilla,3775.25060440239
2019,Crowley,5361.5570273696
2019,Custer,4733.06216597816
2019,Delta,30871.6104237868
2019,Denver,723654.312778804
2019,Dolores,2057.27884302577
2019,Douglas,346102.118262109
2019,Eagle,56662.4950460432
2019,El Paso,723994.192579485
2019,Elbert,29040.3021855397
2019,Fremont,47726.9077102557
2019,Garfield,62842.0173468919
2019,Gilpin,6023.19106650823
2019,Grand,16016.2648958159
2019,Gunnison,17012.8755010539
2019,Hinsdale,824.917903747487
2019,Huerfano,6619.7116507707
2019,Jackson,1337.58537527958
2019,Jefferson,592500.1156241
2019,Kiowa,1351.50001399887
2019,Kit Carson,7690.03797227627
2019,La Plata,59644.7974101945
2019,Lake,7713.96212425107
2019,Larimer,357169.408025643
2019,Las Animas,14064.5764829534
2019,Lincoln,5746.59042967672
2019,Logan,22827.4763085831
2019,Mesa,155287.983407666
2019,Mineral,756.955501785498
2019,Moffat,13172.0151982055
2019,Montezuma,28532.9203680189
2019,Montrose,43497.7141623001
2019,Morgan,29001.5461394016
2019,Otero,18370.6661322087
2019,Ouray,5042.53369028397
2019,Park,18241.6717696984
2019,Phillips,4283.3446677665
2019,Pitkin,18399.6048069792
2019,Prowers,11939.3924393636
2019,Pueblo,170723.24481531
2019,Rio Blanco,6538.66816758904
2019,Rio Grande,11446.0955144586
2019,Routt,26028.4914096518
2019,Saguache,6557.21046553547
2019,San Juan,714.385354911411
2019,San Miguel,8791.35526366164
2019,Sedgwick,2391.96571037205
2019,Summit,32157.1147658874
2019,Teller,25632.1995793162
2019,Washington,4935.16966519317
2019,Weld,325826.109155993
2019,Yuma,10256.8467804549
2020,Adams,542608.544799753
2020,Alamosa,16910.2532205631
2020,Arapahoe,676370.574255673
2020,Archuleta,13952.9832273405
2020,Baca,3496.67179354975
2020,Bent,5817.70250627982
2020,Boulder,336445.735024934
2020,Broomfield,75626.9698123637
2020,Chaffee,20266.9741428159
2020,Cheyenne,1849.71252088553
2020,Clear Creek,9634.31227553407
2020,Conejos,8088.80820145086
2020,Costilla,3778.09125096729
2020,Crowley,5420.28600459367
2020,Custer,4755.48984749971
2020,Delta,31037.9704874109
2020,Denver,733764.849035459
2020,Dolores,2065.12869517411
2020,Douglas,351801.239146303
2020,Eagle,57571.1283923391
2020,El Paso,735477.505816466
2020,Elbert,30247.8424277231
2020,Fremont,47801.0860090994
2020,Garfield,64119.1873999129
2020,Gilpin,6048.84457550822
2020,Grand,16330.0401271109
2020,Gunnison,17202.3041079704
2020,Hinsdale,847.679608783924
2020,Huerfano,6614.07423323531
2020,Jackson,1333.21367069737
2020,Jefferson,599448.451868074
2020,Kiowa,1352.83520287849
2020,Kit Carson,7705.08426400698
2020,La Plata,60917.1395420641
2020,Lake,7777.4959129811
2020,Larimer,363216.394044674
2020,Las Animas,14048.6181644297
2020,Lincoln,5830.8243800951
2020,Logan,23080.2690927179
2020,Mesa,156921.600366334
2020,Mineral,762.733558060383
2020,Moffat,13191.4936157832
2020,Montezuma,29087.9852005829
2020,Montrose,44144.0967507096
2020,Morgan,29285.8931836685
2020,Otero,18373.7085392305
2020,Ouray,5093.59336293168
2020,Park,18551.0294058014
2020,Phillips,4287.43013427545
2020,Pitkin,18562.4105389417
2020,Prowers,11955.4108756714
2020,Pueblo,172528.778679759
2020,Rio Blanco,6551.41540974024
2020,Rio Grande,11444.4367751214
2020,Routt,26461.3650167871
2020,Saguache,6602.85251169588
2020,San Juan,719.692598059033
2020,San Miguel,9050.09372222313
2020,Sedgwick,2380.95171661225
2020,Summit,32760.3269024647
2020,Teller,26121.4523413135
2020,Washington,4949.29457534664
2020,Weld,336436.747333282
2020,Yuma,10310.5553262794
2021,Adams,553884.112580846
2021,Alamosa,17121.3781859179
2021,Arapahoe,686523.206500644
2021,Archuleta,14212.694103084
2021,Baca,3476.16378532228
2021,Bent,5859.30681498425
2021,Boulder,340098.206069199
2021,Broomfield,78028.9958613034
2021,Chaffee,20556.6040279359
2021,Cheyenne,1848.94763591004
2021,Clear Creek,9689.59833920086
2021,Conejos,8108.92360346461
2021,Costilla,3780.51902171599
2021,Crowley,5481.37787193047
2021,Custer,4778.68206923233
2021,Delta,31246.1609419941
2021,Denver,743929.282493474
2021,Dolores,2074.54543250074
2021,Douglas,357770.238091457
2021,Eagle,58472.9795158001
2021,El Paso,747062.051942735
2021,Elbert,31363.0175308602
2021,Fremont,47870.0155252401
2021,Garfield,65391.3915736523
2021,Gilpin,6071.81810009634
2021,Grand,16637.3618500688
2021,Gunnison,17385.0381598387
2021,Hinsdale,862.237444419277
2021,Huerfano,6609.1550054381
2021,Jackson,1329.17570534576
2021,Jefferson,605352.881108043
2021,Kiowa,1353.75278646558
2021,Kit Carson,7734.91170090857
2021,La Plata,62179.5329908821
2021,Lake,7843.50382423379
2021,Larimer,369275.091277855
2021,Las Animas,14053.2580960489
2021,Lincoln,5911.07318755952
2021,Logan,23329.3899865082
2021,Mesa,158552.784536914
2021,Mineral,773.435144623231
2021,Moffat,13209.6879676921
2021,Montezuma,29651.467453167
2021,Montrose,44787.5835749407
2021,Morgan,29570.8978490405
2021,Otero,18367.6433008963
2021,Ouray,5135.84690411601
2021,Park,18855.2796964547
2021,Phillips,4293.15386274276
2021,Pitkin,18719.3533202103
2021,Prowers,11963.9866006255
2021,Pueblo,174312.539890203
2021,Rio Blanco,6564.17564675569
2021,Rio Grande,11438.8780571779
2021,Routt,26898.4526256483
2021,Saguache,6645.83723127542
2021,San Juan,725.097444632204
2021,San Miguel,9311.96132588836
2021,Sedgwick,2372.31105876556
2021,Summit,33363.2574007387
2021,Teller,26507.3952934013
2021,Washington,4967.6373780697
2021,Weld,347619.429539415
2021,Yuma,10360.9073190321
2022,Adams,565265.413336274
2022,Alamosa,17322.9093988126
2022,Arapahoe,696710.967548285
2022,Archuleta,14468.171499424
2022,Baca,3453.23402180208
2022,Bent,5910.80361411248
2022,Boulder,343778.772732261
2022,Broomfield,80451.1402360559
2022,Chaffee,20844.0426130695
2022,Cheyenne,1848.28814143005
2022,Clear Creek,9742.54295950745
2022,Conejos,8130.77564195281
2022,Costilla,3782.41216583387
2022,Crowley,5544.41872363761
2022,Custer,4802.83044604996
2022,Delta,31445.8713992347
2022,Denver,755183.007531039
2022,Dolores,2085.25965643699
2022,Douglas,364004.664880084
2022,Eagle,59362.9341727812
2022,El Paso,758706.512920509
2022,Elbert,32588.1988851554
2022,Fremont,47936.4199386244
2022,Garfield,66657.0578362724
2022,Gilpin,6092.31109768158
2022,Grand,16938.2872153629
2022,Gunnison,17602.3857438094
2022,Hinsdale,882.188803092124
2022,Huerfano,6604.73008852272
2022,Jackson,1325.52440881721
2022,Jefferson,611211.113414944
2022,Kiowa,1348.90791537655
2022,Kit Carson,7769.04629925728
2022,La Plata,63495.5700920928
2022,Lake,7911.7616975128
2022,Larimer,375766.933402603
2022,Las Animas,14053.2422901891
2022,Lincoln,6003.44350758761
2022,Logan,23574.0971822649
2022,Mesa,160183.524324016
2022,Mineral,783.968117798
2022,Moffat,13226.5791291151
2022,Montezuma,30224.183673878
2022,Montrose,45428.445258261
2022,Morgan,29857.5913976573
2022,Otero,18339.7174905976
2022,Ouray,5142.39884667282
2022,Park,19154.3247050158
2022,Phillips,4300.64031400036
2022,Pitkin,18871.3319264087
2022,Prowers,11966.1173994785
2022,Pueblo,176081.809329032
2022,Rio Blanco,6576.67755825259
2022,Rio Grande,11430.3942844872
2022,Routt,27364.8641061921
2022,Saguache,6655.16993151473
2022,San Juan,730.457799053101
2022,San Miguel,9576.84573806829
2022,Sedgwick,2366.23448927017
2022,Summit,33963.6169486598
2022,Teller,26891.1623368045
2022,Washington,4985.05051033885
2022,Weld,359390.155174528
2022,Yuma,10407.7263242032
2023,Adams,576745.187334847
2023,Alamosa,17515.0738039425
2023,Arapahoe,706936.475011877
2023,Archuleta,14719.4549145567
2023,Baca,3428.99232057383
2023,Bent,5958.04886893068
2023,Boulder,347997.903776737
2023,Broomfield,82889.2913190679
2023,Chaffee,21128.7883641917
2023,Cheyenne,1847.88052901082
2023,Clear Creek,9792.82871907592
2023,Conejos,8154.5469584803
2023,Costilla,3784.03026758236
2023,Crowley,5609.76497635083
2023,Custer,4827.50905989899
2023,Delta,31637.7362050069
2023,Denver,767572.241635124
2023,Dolores,2097.28393558609
2023,Douglas,370320.61736423
2023,Eagle,60348.324672903
2023,El Paso,770420.9200748
2023,Elbert,33820.2885626572
2023,Fremont,47997.5231988018
2023,Garfield,67917.6728087868
2023,Gilpin,6111.15086046534
2023,Grand,17233.8939765134
2023,Gunnison,17824.6335122633
2023,Hinsdale,902.868756389596
2023,Huerfano,6600.6408029838
2023,Jackson,1322.51149425951
2023,Jefferson,617024.573948688
2023,Kiowa,1343.41873527096
2023,Kit Carson,7807.07928916716
2023,La Plata,64815.5837423844
2023,Lake,7982.83306889687
2023,Larimer,382288.920974222
2023,Las Animas,14048.8545538458
2023,Lincoln,6081.01951777348
2023,Logan,23814.8666839274
2023,Mesa,162069.096384285
2023,Mineral,794.254277341469
2023,Moffat,13242.7048462824
2023,Montezuma,30805.8609532516
2023,Montrose,46067.9976032638
2023,Morgan,30145.9645456721
2023,Otero,18290.655950291
2023,Ouray,5154.11869005594
2023,Park,19447.9101526098
2023,Phillips,4307.90867326469
2023,Pitkin,19018.8406349765
2023,Prowers,11962.1335892771
2023,Pueblo,177837.924624014
2023,Rio Blanco,6589.26929524501
2023,Rio Grande,11418.8028546773
2023,Routt,27875.8767566667
2023,Saguache,6661.46984404807
2023,San Juan,730.793826358706
2023,San Miguel,9845.20034654824
2023,Sedgwick,2367.73199869906
2023,Summit,34558.4759961799
2023,Teller,27272.4645773551
2023,Washington,5001.29553181899
2023,Weld,371246.463362992
2023,Yuma,10450.0199573929
2024,Adams,588313.966244447
2024,Alamosa,17706.880816372
2024,Arapahoe,717203.241287282
2024,Archuleta,14965.5743191635
2024,Baca,3404.44028213201
2024,Bent,6009.52920718034
2024,Boulder,352239.227009132
2024,Broomfield,85339.1889392772
2024,Chaffee,21410.9230529303
2024,Cheyenne,1847.92723589805
2024,Clear Creek,9840.57632854507
2024,Conejos,8180.61282864606
2024,Costilla,3785.41200138145
2024,Crowley,5677.49909835296
2024,Custer,4853.28340797826
2024,Delta,31822.458152325
2024,Denver,781112.882522459
2024,Dolores,2110.72031666792
2024,Douglas,376618.420919951
2024,Eagle,61434.0075152793
2024,El Paso,782287.49981166
2024,Elbert,35160.9006179312
2024,Fremont,48053.1976685219
2024,Garfield,69172.669790089
2024,Gilpin,6128.71056920538
2024,Grand,17524.1399341369
2024,Gunnison,18041.4284407098
2024,Hinsdale,924.206023096113
2024,Huerfano,6596.55244689297
2024,Jackson,1320.06299573566
2024,Jefferson,621758.481967155
2024,Kiowa,1337.25886185194
2024,Kit Carson,7848.83630743521
2024,La Plata,66051.6554777304
2024,Lake,8056.58671730049
2024,Larimer,388798.461683345
2024,Las Animas,14040.6795435394
2024,Lincoln,6153.69712188769
2024,Logan,24051.7684820004
2024,Mesa,164113.037629221
2024,Mineral,804.263540125232
2024,Moffat,13258.6707913432
2024,Montezuma,31396.5794136698
2024,Montrose,46706.1751136013
2024,Morgan,30436.3207387924
2024,Otero,18220.7018432687
2024,Ouray,5164.36283660597
2024,Park,19736.405073098
2024,Phillips,4315.17928289956
2024,Pitkin,19160.328271379
2024,Prowers,11953.2332139926
2024,Pueblo,179583.33229323
2024,Rio Blanco,6601.42549781036
2024,Rio Grande,11405.0779590096
2024,Routt,28484.9023311768
2024,Saguache,6665.36077108116
2024,San Juan,731.170176555936
2024,San Miguel,10116.7946969187
2024,Sedgwick,2364.58398419028
2024,Summit,35249.3110269899
2024,Teller,27648.5071086518
2024,Washington,5016.67392802234
2024,Weld,383551.044458029
2024,Yuma,10493.89930475
2025,Adams,599960.69691736
2025,Alamosa,17899.4920101878
2025,Arapahoe,727519.719283726
2025,Archuleta,15207.2687206026
2025,Baca,3379.81646675959
2025,Bent,6061.54200184282
2025,Boulder,356509.55444644
2025,Broomfield,87798.5158248845
2025,Chaffee,21690.543213892
2025,Cheyenne,1848.4004835322
2025,Clear Creek,9886.40994543729
2025,Conejos,8209.66438490199
2025,Costilla,3786.65650644285
2025,Crowley,5747.84270587279
2025,Custer,4879.73043150604
2025,Delta,32000.6634491577
2025,Denver,795853.470376551
2025,Dolores,2125.58447206101
2025,Douglas,382923.37273682
2025,Eagle,62627.7705255144
2025,El Paso,794305.775503111
2025,Elbert,36505.6126940298
2025,Fremont,48104.5567135249
2025,Garfield,70421.071480095
2025,Gilpin,6145.36177475566
2025,Grand,17809.3236463167
2025,Gunnison,18254.5892189309
2025,Hinsdale,946.310756460116
2025,Huerfano,6592.7078972732
2025,Jackson,1317.90473423926
2025,Jefferson,626406.596262429
2025,Kiowa,1330.80208018808
2025,Kit Carson,7894.35116754122
2025,La Plata,67281.9982745022
2025,Lake,8133.19595450255
2025,Larimer,395294.090719774
2025,Las Animas,14029.5347233268
2025,Lincoln,6231.71077012249
2025,Logan,24286.1664643751
2025,Mesa,166472.891252584
2025,Mineral,813.952137810404
2025,Moffat,13276.0865292278
2025,Montezuma,31994.5580631873
2025,Montrose,47649.0867944235
2025,Morgan,30732.7034534809
2025,Otero,18131.411015673
2025,Ouray,5168.5347488325
2025,Park,20020.6482196499
2025,Phillips,4322.64530483144
2025,Pitkin,19297.257179578
2025,Prowers,11940.9646246935
2025,Pueblo,181329.213550637
2025,Rio Blanco,6628.3752933573
2025,Rio Grande,11411.2141468746
2025,Routt,29190.1570448803
2025,Saguache,6667.93202036918
2025,San Juan,737.754822026401
2025,San Miguel,10391.1633287285
2025,Sedgwick,2363.0137490135
2025,Summit,35983.336061691
2025,Teller,27970.2080631286
2025,Washington,5031.3898450286
2025,Weld,395971.626562605
2025,Yuma,10534.9290415664
2026,Adams,611671.720582534
2026,Alamosa,18096.4151865913
2026,Arapahoe,737882.287297236
2026,Archuleta,15468.5239559085
2026,Baca,3355.18384646652
2026,Bent,6101.89101976976
2026,Boulder,360809.337348054
2026,Broomfield,90264.9874263633
2026,Chaffee,21968.3646411028
2026,Cheyenne,1849.30662399555
2026,Clear Creek,9956.23782023109
2026,Conejos,8242.12962582089
2026,Costilla,3787.90614506991
2026,Crowley,5822.93825558805
2026,Custer,4911.73726084261
2026,Delta,32172.9497566555
2026,Denver,810700.39439524
2026,Dolores,2140.07395317415
2026,Douglas,389236.417783979
2026,Eagle,63934.634616127
2026,El Paso,806437.031295222
2026,Elbert,38159.1955934192
2026,Fremont,48231.67417631
2026,Garfield,71714.3920858781
2026,Gilpin,6151.72481378054
2026,Grand,18088.8766861639
2026,Gunnison,18463.4422390187
2026,Hinsdale,969.166382675586
2026,Huerfano,6589.04514449511
2026,Jackson,1316.23236058679
2026,Jefferson,630960.79264
2026,Kiowa,1324.03553067273
2026,Kit Carson,7943.94349615624
2026,La Plata,68505.3478748532
2026,Lake,8212.65753698891
2026,Larimer,401777.350342537
2026,Las Animas,14015.8555984481
2026,Lincoln,6319.96998920316
2026,Logan,24519.5946536509
2026,Mesa,169052.414865825
2026,Mineral,823.385620788491
2026,Moffat,13296.2795795197
2026,Montezuma,32601.7644361915
2026,Montrose,48796.9004825052
2026,Morgan,31061.9149201307
2026,Otero,18035.062690301
2026,Ouray,5179.66143706323
2026,Park,20351.9811562879
2026,Phillips,4330.20121941163
2026,Pitkin,19482.4597722233
2026,Prowers,11926.2054490478
2026,Pueblo,183180.32980341
2026,Rio Blanco,6655.72798037077
2026,Rio Grande,11416.6739960104
2026,Routt,29932.3520620979
2026,Saguache,6669.75774544995
2026,San Juan,740.392149312382
2026,San Miguel,10663.7385977618
2026,Sedgwick,2360.56836534939
2026,Summit,36758.6319662874
2026,Teller,28235.1367244923
2026,Washington,5045.39211182927
2026,Weld,408513.001757808
2026,Yuma,10574.1920993004
2027,Adams,623433.692449785
2027,Alamosa,18294.6012760734
2027,Arapahoe,748246.308177095
2027,Archuleta,15772.4224453403
2027,Baca,3331.11317474822
2027,Bent,6138.38143256206
2027,Boulder,365120.679484232
2027,Broomfield,92746.2729889586
2027,Chaffee,22294.3635915721
2027,Cheyenne,1850.26018286118
2027,Clear Creek,10036.96982422
2027,Conejos,8274.81458110688
2027,Costilla,3789.3758092132002
2027,Crowley,5898.26624014741
2027,Custer,4947.69840063618
2027,Delta,32339.7013545852
2027,Denver,825404.621042386
2027,Dolores,2152.10774915376
2027,Douglas,395444.412850652
2027,Eagle,65345.9626608642
2027,El Paso,818605.486301449
2027,Elbert,39606.0983829532
2027,Fremont,48435.5117364525
2027,Garfield,73064.1729503192
2027,Gilpin,6157.59327492134
2027,Grand,18364.55582367
2027,Gunnison,18670.4188995042
2027,Hinsdale,992.72686095038
2027,Huerfano,6584.00611688234
2027,Jackson,1315.26755670479
2027,Jefferson,635399.927556109
2027,Kiowa,1317.46448168065
2027,Kit Carson,7999.08882066968
2027,La Plata,69727.2833298934
2027,Lake,8292.69174388116
2027,Larimer,408161.889761012
2027,Las Animas,13999.6195964257
2027,Lincoln,6412.34221517895
2027,Logan,24751.503358852
2027,Mesa,171836.059260741
2027,Mineral,832.895655790004
2027,Moffat,13317.4910341089
2027,Montezuma,33210.7824993869
2027,Montrose,49941.443988536
2027,Morgan,31418.6174813968
2027,Otero,17932.0660027592
2027,Ouray,5186.67184224839
2027,Park,20731.3163011274
2027,Phillips,4332.62920803537
2027,Pitkin,19666.4958319475
2027,Prowers,11911.614717728
2027,Pueblo,185178.62579337
2027,Rio Blanco,6682.84456220442
2027,Rio Grande,11422.3185227717
2027,Routt,30675.2999803882
2027,Saguache,6670.9826626975
2027,San Juan,740.993281602855
2027,San Miguel,10934.3524248492
2027,Sedgwick,2352.28315776773
2027,Summit,37526.93625169
2027,Teller,28493.5788757021
2027,Washington,5059.80383387618
2027,Weld,421169.957401258
2027,Yuma,10605.6252528767
2028,Adams,635230.597045237
2028,Alamosa,18493.660562071
2028,Arapahoe,758609.73731388
2028,Archuleta,16118.9940456094
2028,Baca,3307.51912614331
2028,Bent,6161.70126181104
2028,Boulder,368924.895158244
2028,Broomfield,95239.9289038973
2028,Chaffee,22546.3623166474
2028,Cheyenne,1851.25467493543
2028,Clear Creek,10129.04034522
2028,Conejos,8307.58750678074
2028,Costilla,3791.15136810795
2028,Crowley,5974.11454612874
2028,Custer,4987.72459991686
2028,Delta,32602.6451192171
2028,Denver,838834.851791489
2028,Dolores,2162.07923957574
2028,Douglas,401420.479319026
2028,Eagle,66853.9402978074
2028,El Paso,830828.046612327
2028,Elbert,41046.9202812728
2028,Fremont,48689.1305563947
2028,Garfield,74469.9351854337
2028,Gilpin,6163.65259831107
2028,Grand,18688.4210237902
2028,Gunnison,18875.8055534183
2028,Hinsdale,1016.6807694782
2028,Huerfano,6577.43351034147
2028,Jackson,1315.00221726676
2028,Jefferson,639716.073367093
2028,Kiowa,1310.92857430171
2028,Kit Carson,8054.4311166602
2028,La Plata,70911.645574765
2028,Lake,8372.63829413933
2028,Larimer,414232.440655008
2028,Las Animas,13980.8349217104
2028,Lincoln,6493.33876213317
2028,Logan,24981.5175071486
2028,Mesa,174823.832129861
2028,Mineral,837.368255921084
2028,Moffat,13339.823003097
2028,Montezuma,33820.9439588254
2028,Montrose,51082.3544283773
2028,Morgan,31803.4344907125
2028,Otero,17809.2158324092
2028,Ouray,5190.12036800711
2028,Park,21102.3072401254
2028,Phillips,4341.93535316809
2028,Pitkin,19850.3202576698
2028,Prowers,11896.9127382574
2028,Pueblo,187175.697611589
2028,Rio Blanco,6709.63865603765
2028,Rio Grande,11428.4720717332
2028,Routt,31423.569919232
2028,Saguache,6671.65230333062
2028,San Juan,744.593629765677
2028,San Miguel,11204.3376344259
2028,Sedgwick,2346.74718622317
2028,Summit,38238.212415989
2028,Teller,28744.8797978448
2028,Washington,5074.71559884609
2028,Weld,433936.507009407
2028,Yuma,10646.0600830478
2029,Adams,647045.989112933
2029,Alamosa,18693.2178719098
2029,Arapahoe,768961.981306035
2029,Archuleta,16508.7196274332
2029,Baca,3284.44349547533
2029,Bent,6183.9304217702
2029,Boulder,373024.145801772
2029,Broomfield,95690.6635710547
2029,Chaffee,22795.1322283616
2029,Cheyenne,1852.26720022964
2029,Clear Creek,10222.8816648134
2029,Conejos,8340.3941081267
2029,Costilla,3793.14685326588
2029,Crowley,6050.78301469593
2029,Custer,5031.68503346545
2029,Delta,32961.9133371136
2029,Denver,850948.080726409
2029,Dolores,2176.28490740047
2029,Douglas,407340.480117545
2029,Eagle,68356.6758001315
2029,El Paso,843015.171336116
2029,Elbert,42377.1743057229
2029,Fremont,48994.2064770317
2029,Garfield,75933.0512384587
2029,Gilpin,6170.32593911641
2029,Grand,19062.5445522533
2029,Gunnison,19079.8939933541
2029,Hinsdale,1041.40307002109
2029,Huerfano,6569.25635574352
2029,Jackson,1315.37007259673
2029,Jefferson,643907.432038556
2029,Kiowa,1304.33740148475
2029,Kit Carson,8110.75396220181
2029,La Plata,72093.0954674963
2029,Lake,8453.15530535934
2029,Larimer,420280.159153735
2029,Las Animas,13960.0566241301
2029,Lincoln,6586.63733866334
2029,Logan,25210.2029804735
2029,Mesa,178014.460073978
2029,Mineral,841.78812838047
2029,Moffat,13363.3895639379
2029,Montezuma,34431.66228102
2029,Montrose,52218.7171985271
2029,Morgan,32216.0426793766
2029,Otero,17686.9906201907
2029,Ouray,5202.60108671669
2029,Park,21469.9571882168
2029,Phillips,4332.95571015496
2029,Pitkin,20034.3890396089
2029,Prowers,11881.4232574775
2029,Pueblo,189173.191977604
2029,Rio Blanco,6735.73677426542
2029,Rio Grande,11434.6421210092
2029,Routt,32168.163281278
2029,Saguache,6671.75555179784
2029,San Juan,745.12708272398
2029,San Miguel,11473.4887945986
2029,Sedgwick,2346.41496355172
2029,Summit,38892.369392393
2029,Teller,28988.6751481116
2029,Washington,5089.69953704398
2029,Weld,446805.836582185
2029,Yuma,10680.600533893
2030,Adams,658864.797150722
2030,Alamosa,18894.0961810292
2030,Arapahoe,779282.501195627
2030,Archuleta,16941.765971772
2030,Baca,3262.17401962276
2030,Bent,6206.15709861328
2030,Boulder,377107.174246251
2030,Broomfield,96097.0939855335
2030,Chaffee,23040.3249479674
2030,Cheyenne,1848.31130838326
2030,Clear Creek,10318.6367206099
2030,Conejos,8373.74551279626
2030,Costilla,3795.31669470022
2030,Crowley,6127.87549818486
2030,Custer,5079.37708862893
2030,Delta,33417.064712902
2030,Denver,861705.637939456
2030,Dolores,2191.43012529439
2030,Douglas,413161.93500936
2030,Eagle,69747.7764701807
2030,El Paso,855169.924983483
2030,Elbert,43694.8496189284
2030,Fremont,49353.600436791
2030,Garfield,77404.1401073416
2030,Gilpin,6178.0934050794
2030,Grand,19486.9039552189
2030,Gunnison,19281.9026572
2030,Hinsdale,1066.85928413215
2030,Huerfano,6559.6729783063
2030,Jackson,1316.35924754619
2030,Jefferson,647959.362197391
2030,Kiowa,1297.52051373058
2030,Kit Carson,8168.78791755705
2030,La Plata,73266.4116546053
2030,Lake,8535.99672390265
2030,Larimer,426293.040639464
2030,Las Animas,13937.151211341
2030,Lincoln,6672.79366742015
2030,Logan,25437.663177473
2030,Mesa,181208.648447477
2030,Mineral,846.091202184349
2030,Moffat,13388.9274236077
2030,Montezuma,35042.9325612899
2030,Montrose,53354.5375594007
2030,Morgan,32630.6743913509
2030,Otero,17565.8205529583
2030,Ouray,5210.47312378213
2030,Park,21833.8543595904
2030,Phillips,4336.15085267621
2030,Pitkin,20217.7325068127
2030,Prowers,11865.1369770915
2030,Pueblo,191162.70616922
2030,Rio Blanco,6763.20081972346
2030,Rio Grande,11440.4753221469
2030,Routt,32916.054067799
2030,Saguache,6671.51013230562
2030,San Juan,745.907039987818
2030,San Miguel,11742.2758911913
2030,Sedgwick,2339.57794150174
2030,Summit,39539.6674661921
2030,Teller,29228.4940662093
2030,Washington,5104.4132612515
2030,Weld,459771.793022383
2030,Yuma,10720.5827486355
2031,Adams,670671.669065081
2031,Alamosa,19097.424155089
2031,Arapahoe,789551.266772247
2031,Archuleta,17417.9182345621
2031,Baca,3240.72255405725
2031,Bent,6228.20017819169
2031,Boulder,381170.33658173
2031,Broomfield,96453.7178486009
2031,Chaffee,23378.3390426777
2031,Cheyenne,1839.0579326054
2031,Clear Creek,10415.7865022072
2031,Conejos,8407.69612973396
2031,Costilla,3797.69916712383
2031,Crowley,6205.66639002948
2031,Custer,5126.00644222275
2031,Delta,33903.6218789062
2031,Denver,871108.375830611
2031,Dolores,2207.77322031582
2031,Douglas,418842.167634797
2031,Eagle,71131.3093271894
2031,El Paso,867280.264713092
2031,Elbert,44997.6404828028
2031,Fremont,49712.5915366108
2031,Garfield,78878.2847061322
2031,Gilpin,6206.78596818019
2031,Grand,19910.4318641521
2031,Gunnison,19482.8277049446
2031,Hinsdale,1092.87222070664
2031,Huerfano,6548.6975117606
2031,Jackson,1318.14259474906
2031,Jefferson,651853.637204444
2031,Kiowa,1290.5645113105
2031,Kit Carson,8228.72470224802
2031,La Plata,74434.6029387434
2031,Lake,8620.57650366934
2031,Larimer,432268.393965743
2031,Las Animas,13912.0688223587
2031,Lincoln,6762.31021613662
2031,Logan,25663.5142462709
2031,Mesa,184402.280419729
2031,Mineral,850.228953690356
2031,Moffat,13414.5871294895
2031,Montezuma,35654.1608445833
2031,Montrose,54485.9357890129
2031,Morgan,33048.5343598591
2031,Otero,17444.1361734306
2031,Ouray,5215.89301332701
2031,Park,22175.3988271513
2031,Phillips,4339.75268062263
2031,Pitkin,20402.0250492628
2031,Prowers,11847.4666281328
2031,Pueblo,193138.375922793
2031,Rio Blanco,6791.82571171369
2031,Rio Grande,11446.1639839982
2031,Routt,33670.1610736268
2031,Saguache,6670.69728506478
2031,San Juan,747.040967315475
2031,San Miguel,12016.0921056253
2031,Sedgwick,2331.74019998392
2031,Summit,40181.1996915151
2031,Teller,29464.9050439954
2031,Washington,5118.46664678297
2031,Weld,472825.447023672
2031,Yuma,10754.1907069767
2032,Adams,682452.289764207
2032,Alamosa,19300.4701967099
2032,Arapahoe,799747.634201993
2032,Archuleta,17917.2768318986
2032,Baca,3219.9794994907
2032,Bent,6249.72857421328
2032,Boulder,385203.057835763
2032,Broomfield,96756.8976172201
2032,Chaffee,23585.6933178114
2032,Cheyenne,1829.61183294176
2032,Clear Creek,10514.6149063452
2032,Conejos,8442.30673290363
2032,Costilla,3800.23992358293
2032,Crowley,6286.54824402482
2032,Custer,5171.53800895282
2032,Delta,34378.4914911259
2032,Denver,879699.601347826
2032,Dolores,2225.43870193132
2032,Douglas,424352.571486181
2032,Eagle,72511.3402480592
2032,El Paso,879318.206551899
2032,Elbert,46285.1115386831
2032,Fremont,50069.9123036847
2032,Garfield,80352.3230506733
2032,Gilpin,6246.89215286724
2032,Grand,20332.5607167182
2032,Gunnison,19683.1375932388
2032,Hinsdale,1119.56411814321
2032,Huerfano,6536.57526675631
2032,Jackson,1320.19188597286
2032,Jefferson,655576.129674128
2032,Kiowa,1283.51110566978
2032,Kit Carson,8290.42513237392
2032,La Plata,75576.5860452512
2032,Lake,8706.53253455309
2032,Larimer,438222.017092754
2032,Las Animas,13884.4597487819
2032,Lincoln,6852.89303361647
2032,Logan,25886.8854420249
2032,Mesa,187593.125570546
2032,Mineral,854.171561703784
2032,Moffat,13440.7335132744
2032,Montezuma,36263.5284075117
2032,Montrose,55610.4969034861
2032,Morgan,33470.2744725894
2032,Otero,17322.1942011245
2032,Ouray,5222.54515498339
2032,Park,22494.0550721853
2032,Phillips,4334.54487912882
2032,Pitkin,20585.5325098529
2032,Prowers,11827.7276144676
2032,Pueblo,195085.424843013
2032,Rio Blanco,6822.25965034078
2032,Rio Grande,11451.6114887241
2032,Routt,34414.5408678777
2032,Saguache,6669.14091086743
2032,San Juan,748.212934527724
2032,San Miguel,12294.8806911209
2032,Sedgwick,2332.71913066243
2032,Summit,40817.9120908637
2032,Teller,29697.2323207519
2032,Washington,5121.68959575358
2032,Weld,486215.636066539
2032,Yuma,10791.6066412635
2033,Adams,694192.017598658
2033,Alamosa,19503.796062951
2033,Arapahoe,809849.841124146
2033,Archuleta,18412.2046607145
2033,Baca,3199.80146759415
2033,Bent,6270.84880315973
2033,Boulder,389197.047920713
2033,Broomfield,97006.6153736651
2033,Chaffee,23814.1176731578
2033,Cheyenne,1819.9857745998
2033,Clear Creek,10615.4155884813
2033,Conejos,8477.28909521939
2033,Costilla,3802.95487636997
2033,Crowley,6373.8494708533
2033,Custer,5215.71612482431
2033,Delta,34853.9300323551
2033,Denver,887495.802594323
2033,Dolores,2243.98352049953
2033,Douglas,429659.705919886
2033,Eagle,73885.8653732409
2033,El Paso,891268.986173792
2033,Elbert,47553.5852445172
2033,Fremont,50424.0836228653
2033,Garfield,81824.0681146899
2033,Gilpin,6288.45189449419
2033,Grand,20753.5463891174
2033,Gunnison,19882.728040193
2033,Hinsdale,1146.85346442947
2033,Huerfano,6518.49940443328
2033,Jackson,1317.39697461384
2033,Jefferson,659132.056136531
2033,Kiowa,1276.30665262515
2033,Kit Carson,8354.18132970755
2033,La Plata,76716.8151542346
2033,Lake,8793.26640685847
2033,Larimer,444129.240686786
2033,Las Animas,13854.3281041108
2033,Lincoln,6941.72378620821
2033,Logan,26107.1611601719
2033,Mesa,190776.743302399
2033,Mineral,858.004179830729
2033,Moffat,13466.0786630527
2033,Montezuma,36870.5856471136
2033,Montrose,56728.9069890533
2033,Morgan,33920.7551600093
2033,Otero,17199.8397329486
2033,Ouray,5232.33153468331
2033,Park,22789.0633711808
2033,Phillips,4335.82994372976
2033,Pitkin,20768.2194931617
2033,Prowers,11806.1913960662
2033,Pueblo,197002.510734468
2033,Rio Blanco,6853.74324171452
2033,Rio Grande,11456.7454486932
2033,Routt,35149.4855463061
2033,Saguache,6667.26008258962
2033,San Juan,749.516258600701
2033,San Miguel,12578.5532397446
2033,Sedgwick,2326.56914960559
2033,Summit,41451.0776914515
2033,Teller,29924.2890046386
2033,Washington,5113.78431679026
2033,Weld,499938.720348973
2033,Yuma,10830.4635437767
2034,Adams,705878.992842794
2034,Alamosa,19710.5562736305
2034,Arapahoe,819851.452641932
2034,Archuleta,18910.2525218704
2034,Baca,3180.25352650372
2034,Bent,6291.41412920568
2034,Boulder,393142.432829414
2034,Broomfield,97202.4095435708
2034,Chaffee,24038.3604672989
2034,Cheyenne,1810.09483214084
2034,Clear Creek,10717.5945056739
2034,Conejos,8512.2387131262
2034,Costilla,3805.93882397952
2034,Crowley,6462.34258255949
2034,Custer,5259.03976433941
2034,Delta,35307.3773950016
2034,Denver,894514.974521855
2034,Dolores,2263.43790630212
2034,Douglas,434842.615538811
2034,Eagle,75247.4964158562
2034,El Paso,903132.501870265
2034,Elbert,48801.8467937675
2034,Fremont,50776.4464701032
2034,Garfield,83289.1832557356
2034,Gilpin,6331.19217387122
2034,Grand,21172.109465688
2034,Gunnison,20080.5713898564
2034,Hinsdale,1174.88911003968
2034,Huerfano,6494.51710936615
2034,Jackson,1314.84268565205
2034,Jefferson,662533.854369122
2034,Kiowa,1269.1075842819
2034,Kit Carson,8420.23905508496
2034,La Plata,77853.8101745613
2034,Lake,8881.59297412462
2034,Larimer,449997.450099886
2034,Las Animas,13821.7292825985
2034,Lincoln,7024.53455583795
2034,Logan,26324.7339376573
2034,Mesa,193949.321694981
2034,Mineral,861.833467799824
2034,Moffat,13491.0333654855
2034,Montezuma,37477.0394981387
2034,Montrose,57841.5443523566
2034,Morgan,34374.6579369297
2034,Otero,17077.73585997
2034,Ouray,5241.59892658371
2034,Park,23059.7739260955
2034,Phillips,4333.62796768263
2034,Pitkin,20949.3441972734
2034,Prowers,11783.5311712403
2034,Pueblo,198887.447281831
2034,Rio Blanco,6886.53177293176
2034,Rio Grande,11461.7404214926
2034,Routt,35872.8614994305
2034,Saguache,6665.18855615348
2034,San Juan,750.989750887488
2034,San Miguel,12866.9286632944
2034,Sedgwick,2318.26453252412
2034,Summit,42084.4274794192
2034,Teller,30147.9831482004
2034,Washington,5094.72011600918
2034,Weld,513736.44147619
2034,Yuma,10871.3078327721
2035,Adams,717502.391554977
2035,Alamosa,19919.4165634256
2035,Arapahoe,829739.648889951
2035,Archuleta,19406.3409904382
2035,Baca,3161.42428787882
2035,Bent,6311.63370605344
2035,Boulder,397033.609861378
2035,Broomfield,97342.0318761025
2035,Chaffee,24263.634520595
2035,Cheyenne,1800.04818661923
2035,Clear Creek,10820.7381399212
2035,Conejos,8547.31324818612
2035,Costilla,3809.26491972368
2035,Crowley,6547.98420776301
2035,Custer,5301.66979608006
2035,Delta,35763.485686294
2035,Denver,900766.156215557
2035,Dolores,2283.56342199381
2035,Douglas,439877.568959765
2035,Eagle,76589.1981710633
2035,El Paso,914815.800354823
2035,Elbert,50028.4211926849
2035,Fremont,51126.682845023
2035,Garfield,84739.8692484467
2035,Gilpin,6374.92314253812
2035,Grand,21587.3901670345
2035,Gunnison,20277.040873902
2035,Hinsdale,1203.26032870101
2035,Huerfano,6464.70599214711
2035,Jackson,1312.34864251258
2035,Jefferson,665756.594237065
2035,Kiowa,1261.96024072511
2035,Kit Carson,8487.85604529349
2035,La Plata,78984.2056760708
2035,Lake,8970.62410081848
2035,Larimer,455822.933433828
2035,Las Animas,13786.8186864198
2035,Lincoln,7129.01763301065
2035,Logan,26539.7043959583
2035,Mesa,197111.421348299
2035,Mineral,867.837871691643
2035,Moffat,13514.21574355
2035,Montezuma,38082.2654564511
2035,Montrose,58946.4972219572
2035,Morgan,34857.1509559829
2035,Otero,16956.6872668125
2035,Ouray,5253.57570093474
2035,Park,23305.7713433221
2035,Phillips,4334.16894227115
2035,Pitkin,21126.5236407968
2035,Prowers,11760.3673806738
2035,Pueblo,200738.697203378
2035,Rio Blanco,6919.7232861503
2035,Rio Grande,11466.964298756
2035,Routt,36582.3631873538
2035,Saguache,6663.01835149213
2035,San Juan,752.562997948341
2035,San Miguel,13158.9770342878
2035,Sedgwick,2315.18285722224
2035,Summit,42716.5356043218
2035,Teller,30363.9658954085
2035,Washington,5074.9407037538
2035,Weld,527600.667061544
2035,Yuma,10913.247001184
2036,Adams,729053.837303004
2036,Alamosa,20130.25528907
2036,Arapahoe,840015.638286923
2036,Archuleta,19893.8053448757
2036,Baca,3143.29362647457
2036,Bent,6331.49796179759
2036,Boulder,400862.763720691
2036,Broomfield,97426.6889853902
2036,Chaffee,24469.5231689489
2036,Cheyenne,1789.88249084361
2036,Clear Creek,10924.5885679211
2036,Conejos,8582.04956587653
2036,Costilla,3813.06490879139
2036,Crowley,6629.61654752963
2036,Custer,5343.62844347631
2036,Delta,36211.2083502613
2036,Denver,906268.828278053
2036,Dolores,2304.13958798604
2036,Douglas,444748.731379502
2036,Eagle,77910.597107394
2036,El Paso,926382.871943242
2036,Elbert,51231.928289091
2036,Fremont,51472.5293340536
2036,Garfield,86175.8730697914
2036,Gilpin,6399.23756748639
2036,Grand,21998.8439568851
2036,Gunnison,20472.0947817968
2036,Hinsdale,1231.87054230214
2036,Huerfano,6429.08785882288
2036,Jackson,1309.86958030759
2036,Jefferson,668797.44894198
2036,Kiowa,1254.96391185954
2036,Kit Carson,8556.54090329656
2036,La Plata,80085.1818642511
2036,Lake,9059.69676806928
2036,Larimer,461601.298990441
2036,Las Animas,13749.7788743927
2036,Lincoln,7224.68079717337
2036,Logan,26751.9264528023
2036,Mesa,200256.317260755
2036,Mineral,872.94209261951
2036,Moffat,13536.0255840289
2036,Montezuma,38686.3822506903
2036,Montrose,60042.4544360313
2036,Morgan,35341.3082684871
2036,Otero,16836.8722540692
2036,Ouray,5255.90683270693
2036,Park,23526.631131028
2036,Phillips,4329.29325204422
2036,Pitkin,21279.3601762021
2036,Prowers,11736.6570137983
2036,Pueblo,202552.590135781
2036,Rio Blanco,6953.07809936264
2036,Rio Grande,11472.4529428779
2036,Routt,37276.8567904653
2036,Saguache,6660.76904244848
2036,San Juan,754.215562967997
2036,San Miguel,13449.2988574639
2036,Sedgwick,2308.8376067409
2036,Summit,43344.4490349895
2036,Teller,30572.9403104317
2036,Washington,5054.4827061582
2036,Weld,541526.88798223
2036,Yuma,10951.1054016675
2037,Adams,740535.023450099
2037,Alamosa,20340.9253194127
2037,Arapahoe,850199.119833423
2037,Archuleta,20389.4041845809
2037,Baca,3125.98848427406
2037,Bent,6351.13304343448
2037,Boulder,404630.196736723
2037,Broomfield,97461.3072390472
2037,Chaffee,24671.990088615
2037,Cheyenne,1779.67345003179
2037,Clear Creek,11029.1447436715
2037,Conejos,8616.68607435615
2037,Costilla,3817.44402718617
2037,Crowley,6711.35541748013
2037,Custer,5385.06211814974
2037,Delta,36656.8594631196
2037,Denver,911422.304634951
2037,Dolores,2325.02773922345
2037,Douglas,449436.158134013
2037,Eagle,79212.6750832618
2037,El Paso,937826.480216943
2037,Elbert,52414.1430236591
2037,Fremont,51817.41471834
2037,Garfield,87601.6736084408
2037,Gilpin,6424.21852726768
2037,Grand,22406.4580762172
2037,Gunnison,20665.9275724959
2037,Hinsdale,1260.70895116788
2037,Huerfano,6393.10518962291
2037,Jackson,1307.39455027465
2037,Jefferson,671686.144214271
2037,Kiowa,1248.15081553709
2037,Kit Carson,8625.9308477749
2037,La Plata,81174.1748479757
2037,Lake,9148.18722986767
2037,Larimer,467347.468021091
2037,Las Animas,13711.3349563733
2037,Lincoln,7316.56546162688
2037,Logan,26961.597338262
2037,Mesa,203380.162061178
2037,Mineral,877.190477167327
2037,Moffat,13556.6707989947
2037,Montezuma,39289.6429386894
2037,Montrose,61129.4211744174
2037,Morgan,35852.9498146391
2037,Otero,16719.1508382119
2037,Ouray,5266.02988903914
2037,Park,23705.0173207951
2037,Phillips,4332.70704645031
2037,Pitkin,21419.6013009412
2037,Prowers,11713.0424042969
2037,Pueblo,204330.085285809
2037,Rio Blanco,6986.30443496524
2037,Rio Grande,11478.4702852518
2037,Routt,37956.0348828205
2037,Saguache,6658.57464619922
2037,San Juan,755.966510306983
2037,San Miguel,13737.6893982311
2037,Sedgwick,2306.53052229882
2037,Summit,43974.013545671
2037,Teller,30774.7087746994
2037,Washington,5033.54275504999
2037,Weld,555058.03643457
2037,Yuma,10998.7902273463
2038,Adams,751943.104684126
2038,Alamosa,20549.7143007437
2038,Arapahoe,860291.645270805
2038,Archuleta,20878.8247686709
2038,Baca,3109.39922635545
2038,Bent,6370.50506927217
2038,Boulder,408333.103156994
2038,Broomfield,97450.9211733649
2038,Chaffee,24871.275418813
2038,Cheyenne,1769.4453020742
2038,Clear Creek,11134.1422351589
2038,Conejos,8650.86059293812
2038,Costilla,3822.49405086759
2038,Crowley,6793.18455038043
2038,Custer,5426.11171473451
2038,Delta,37101.6913820056
2038,Denver,916258.501051076
2038,Dolores,2346.11279584277
2038,Douglas,453725.376022627
2038,Eagle,80493.8691868439
2038,El Paso,949151.437922245
2038,Elbert,53576.3002373474
2038,Fremont,52161.5329510556
2038,Garfield,89019.092584219
2038,Gilpin,6449.78822958642
2038,Grand,22810.0475188265
2038,Gunnison,20858.3765005129
2038,Hinsdale,1289.71053822552
2038,Huerfano,6357.03034497647
2038,Jackson,1304.84605897687
2038,Jefferson,674427.921901611
2038,Kiowa,1241.67731123971
2038,Kit Carson,8695.77543003618
2038,La Plata,82239.9319353935
2038,Lake,9227.68865424365
2038,Larimer,473056.149957293
2038,Las Animas,13672.027458018
2038,Lincoln,7408.82355353312
2038,Logan,27168.4772906016
2038,Mesa,206479.322818034
2038,Mineral,885.692744970625
2038,Moffat,13576.6494161214
2038,Montezuma,39892.1127666598
2038,Montrose,62206.6608521831
2038,Morgan,36366.7411589712
2038,Otero,16603.1194200112
2038,Ouray,5273.7245293926
2038,Park,23841.0840509955
2038,Phillips,4333.2748242127
2038,Pitkin,21561.9207721885
2038,Prowers,11689.8181017642
2038,Pueblo,206072.130280121
2038,Rio Blanco,7019.16364064165
2038,Rio Grande,11484.9792796704
2038,Routt,38619.7587747659
2038,Saguache,6656.52728279101
2038,San Juan,757.822932330299
2038,San Miguel,14023.980147934
2038,Sedgwick,2305.22885669607
2038,Summit,44603.3992908196
2038,Teller,30970.4009406965
2038,Washington,5012.33687708682
2038,Weld,568641.863487011
2038,Yuma,11032.2933054181
2039,Adams,763278.142460874
2039,Alamosa,20757.1861085723
2039,Arapahoe,868745.461843128
2039,Archuleta,21371.808153011
2039,Baca,3093.5253563645
2039,Bent,6389.52268054103
2039,Boulder,411969.167731763
2039,Broomfield,97401.5119827602
2039,Chaffee,25067.4943576693
2039,Cheyenne,1759.19242970245
2039,Clear Creek,11239.5876745763
2039,Conejos,8684.3005243537
2039,Costilla,3828.20117354893
2039,Crowley,6875.09307020139
2039,Custer,5466.69242320271
2039,Delta,37536.5104988499
2039,Denver,920808.110255895
2039,Dolores,2367.30018587826
2039,Douglas,457708.213693599
2039,Eagle,81756.4749806482
2039,El Paso,960355.324809177
2039,Elbert,54718.1579531699
2039,Fremont,52505.0806403142
2039,Garfield,90430.0272169158
2039,Gilpin,6465.60063115468
2039,Grand,23209.8404014135
2039,Gunnison,21049.3229477485
2039,Hinsdale,1318.82731014884
2039,Huerfano,6320.93198232815
2039,Jackson,1302.29182556873
2039,Jefferson,677034.497570001
2039,Kiowa,1235.55018241474
2039,Kit Carson,8765.55801668278
2039,La Plata,83304.8485397932
2039,Lake,9297.39537478644
2039,Larimer,478736.614318432
2039,Las Animas,13632.17080827
2039,Lincoln,7508.61826189336
2039,Logan,27373.0188055029
2039,Mesa,209552.33627433
2039,Mineral,892.375244904811
2039,Moffat,13596.3637595391
2039,Montezuma,40493.8840126947
2039,Montrose,63273.7507469359
2039,Morgan,36881.7873722749
2039,Otero,16488.8784583153
2039,Ouray,5282.1911009878
2039,Park,23934.9634635559
2039,Phillips,4324.11320811024
2039,Pitkin,21711.0552127697
2039,Prowers,11667.0228998248
2039,Pueblo,207779.419039612
2039,Rio Blanco,7051.33575314547
2039,Rio Grande,11492.1171785679
2039,Routt,39267.5464001377
2039,Saguache,6654.62798190255
2039,San Juan,759.771311042924
2039,San Miguel,14308.0116839099
2039,Sedgwick,2296.35769245261
2039,Summit,45232.0571346394
2039,Teller,31161.2232112345
2039,Washington,4991.15811993677
2039,Weld,582176.321215792
2039,Yuma,11076.6903183521
2040,Adams,774542.475444557
2040,Alamosa,20963.2754506931
2040,Arapahoe,877067.661186736
2040,Archuleta,21859.0062094408
2040,Baca,3078.29497431178
2040,Bent,6408.35368686183
2040,Boulder,415539.696666613
2040,Broomfield,97318.2169824278
2040,Chaffee,25260.8483845977
2040,Cheyenne,1748.84709950207
2040,Clear Creek,11345.6650566347
2040,Conejos,8716.88084179067
2040,Costilla,3834.66658986395
2040,Crowley,6957.22581870575
2040,Custer,5506.84079844779
2040,Delta,37973.8113897687
2040,Denver,925097.797346329
2040,Dolores,2388.5149164916
2040,Douglas,461381.295267207
2040,Eagle,83001.4025303735
2040,El Paso,971443.913811679
2040,Elbert,55840.3958661165
2040,Fremont,52848.0517352446
2040,Garfield,91835.6749903194
2040,Gilpin,6481.65004948785
2040,Grand,23606.0605094319
2040,Gunnison,21238.1950776146
2040,Hinsdale,1348.11138921633
2040,Huerfano,6285.08232435869
2040,Jackson,1299.72769688362
2040,Jefferson,679518.078648395
2040,Kiowa,1229.8293754823
2040,Kit Carson,8835.48426210017
2040,La Plata,84342.4297425584
2040,Lake,9360.83152571344
2040,Larimer,484597.427287787
2040,Las Animas,13592.1951214431
2040,Lincoln,7598.49776706279
2040,Logan,27575.7313550758
2040,Mesa,212597.965100014
2040,Mineral,897.236016004456
2040,Moffat,13616.5408830405
2040,Montezuma,41095.4184677342
2040,Montrose,64331.1615471855
2040,Morgan,37398.7658932822
2040,Otero,16376.320711594
2040,Ouray,5302.60637689735
2040,Park,23986.9633203094
2040,Phillips,4323.88926186393
2040,Pitkin,21853.6600252785
2040,Prowers,11644.8693879446
2040,Pueblo,209454.200624015
2040,Rio Blanco,7082.99891437806
2040,Rio Grande,11500.0534374201
2040,Routt,39899.7584810134
2040,Saguache,6653.0104718793
2040,San Juan,761.819226835924
2040,San Miguel,14589.8279510361
2040,Sedgwick,2297.69650947059
2040,Summit,45858.7521063287
2040,Teller,31348.8780981063
2040,Washington,4970.34587221634
2040,Weld,595660.872193825
2040,Yuma,11108.8830055075
2041,Adams,785739.922081706
2041,Alamosa,21167.8254443475
2041,Arapahoe,883711.64427819
2041,Archuleta,22342.7561176828
2041,Baca,3063.5778903651
2041,Bent,6427.08931069513
2041,Boulder,419043.246134903
2041,Broomfield,97206.1829300629
2041,Chaffee,25451.8068309533
2041,Cheyenne,1738.37281854513
2041,Clear Creek,11452.495920126
2041,Conejos,8748.49876772155
2041,Costilla,3841.87960667907
2041,Crowley,7034.47864377378
2041,Custer,5546.74256170066
2041,Delta,38406.4500168979
2041,Denver,929107.705748339
2041,Dolores,2409.66950682716
2041,Douglas,464746.367309125
2041,Eagle,84226.4175486439
2041,El Paso,982319.106651893
2041,Elbert,56944.2303703171
2041,Fremont,53191.6190243911
2041,Garfield,93235.9681203925
2041,Gilpin,6497.70302222148
2041,Grand,23999.076409796
2041,Gunnison,21424.847357365
2041,Hinsdale,1377.54966175757
2041,Huerfano,6249.5993408544
2041,Jackson,1297.18457422741
2041,Jefferson,681890.88964728
2041,Kiowa,1224.60424028763
2041,Kit Carson,8905.81736713077
2041,La Plata,85368.1641393908
2041,Lake,9421.65331817606
2041,Larimer,490645.51382621
2041,Las Animas,13552.5696333981
2041,Lincoln,7688.41101934149
2041,Logan,27776.6622181501
2041,Mesa,215615.546891338
2041,Mineral,902.318092648074
2041,Moffat,13637.3712369429
2041,Montezuma,41697.041891405
2041,Montrose,65379.0047427705
2041,Morgan,37917.819635324
2041,Otero,16265.5355100122
2041,Ouray,5324.03583832774
2041,Park,23997.3745364955
2041,Phillips,4324.63405205035
2041,Pitkin,21994.3618400894
2041,Prowers,11623.5319215499
2041,Pueblo,211047.630667979
2041,Rio Blanco,7114.1525081429
2041,Rio Grande,11508.6823227414
2041,Routt,40527.4947661741
2041,Saguache,6651.81901256627
2041,San Juan,761.956067554175
2041,San Miguel,14869.5126324734
2041,Sedgwick,2299.5138648974
2041,Summit,46477.4055837075
2041,Teller,31535.3749275681
2041,Washington,4950.12219815682
2041,Weld,609198.446609074
2041,Yuma,11140.6372538664
2042,Adams,797397.755597887
2042,Alamosa,21370.3561751671
2042,Arapahoe,886549.454993685
2042,Archuleta,22822.8752904015
2042,Baca,3049.33243301666
2042,Bent,6445.85974391653
2042,Boulder,422470.875069846
2042,Broomfield,97069.0288482866
2042,Chaffee,25640.4497323467
2042,Cheyenne,1727.73205367468
2042,Clear Creek,11559.9585346425
2042,Conejos,8778.74129820012
2042,Costilla,3849.6986249426
2042,Crowley,7111.90320000838
2042,Custer,5586.55874814754
2042,Delta,38834.1720227982
2042,Denver,932825.272346696
2042,Dolores,2430.71205759734
2042,Douglas,467801.797376638
2042,Eagle,85430.0355956168
2042,El Paso,993071.050870559
2042,Elbert,58030.2716247475
2042,Fremont,53536.0669449852
2042,Garfield,94628.0834046369
2042,Gilpin,6513.48797688583
2042,Grand,24388.4875522703
2042,Gunnison,21578.3344469503
2042,Hinsdale,1402.2107379541
2042,Huerfano,6214.57880155978
2042,Jackson,1294.60424379866
2042,Jefferson,683948.405270894
2042,Kiowa,1219.88026516724
2042,Kit Carson,8976.48935841928
2042,La Plata,86379.4696367733
2042,Lake,9479.62904563045
2042,Larimer,496656.59846462
2042,Las Animas,13513.3086287066
2042,Lincoln,7778.11763648552
2042,Logan,27975.5869126789
2042,Mesa,218602.368951527
2042,Mineral,907.629668993165
2042,Moffat,13658.8845302294
2042,Montezuma,42297.5540367496
2042,Montrose,66416.2293946972
2042,Morgan,38438.7357262391
2042,Otero,16156.1120738583
2042,Ouray,5346.41383224994
2042,Park,24002.3093061844
2042,Phillips,4326.32015642797
2042,Pitkin,22132.4373076305
2042,Prowers,11602.909003631
2042,Pueblo,212605.933798918
2042,Rio Blanco,7144.81665477412
2042,Rio Grande,11517.791639463
2042,Routt,41150.5822549364
2042,Saguache,6650.98221277746
2042,San Juan,762.180657091936
2042,San Miguel,15146.8849409874
2042,Sedgwick,2301.79763180678
2042,Summit,47087.4093292824
2042,Teller,31721.2267983963
2042,Washington,4930.47135363774
2042,Weld,622920.748424425
2042,Yuma,11171.6574287429
2043,Adams,809022.90881546
2043,Alamosa,21570.9165145734
2043,Arapahoe,889091.087573024
2043,Archuleta,23299.7501705642
2043,Baca,3035.58036376498
2043,Bent,6464.80574251373
2043,Boulder,425825.129391265
2043,Broomfield,96912.2133938062
2043,Chaffee,25827.4662508344
2043,Cheyenne,1716.95614907475
2043,Clear Creek,11668.2842976437
2043,Conejos,8807.75478412341
2043,Costilla,3858.16095393179
2043,Crowley,7189.65944076829
2043,Custer,5626.49532683292
2043,Delta,39257.6659652853
2043,Denver,936244.148113933
2043,Dolores,2451.65903320204
2043,Douglas,470557.035482863
2043,Eagle,86614.9150077933
2043,El Paso,1003708.84651667
2043,Elbert,59099.9199368781
2043,Fremont,53882.1566736257
2043,Garfield,96016.8809653279
2043,Gilpin,6528.93381474517
2043,Grand,24774.6332172763
2043,Gunnison,21729.2615727348
2043,Hinsdale,1426.94784232684
2043,Huerfano,6180.32698731041
2043,Jackson,1292.00813490717
2043,Jefferson,685701.848589715
2043,Kiowa,1215.61339272771
2043,Kit Carson,9047.74888683801
2043,La Plata,87377.0236736199
2043,Lake,9534.68238704004
2043,Larimer,502628.731691861
2043,Las Animas,13475.0678650045
2043,Lincoln,7867.62273405129
2043,Logan,28172.9689462943
2043,Mesa,221559.289676554
2043,Mineral,913.216795074531
2043,Moffat,13681.2077373599
2043,Montezuma,42897.2443070216
2043,Montrose,67442.9357219162
2043,Morgan,38962.530523709
2043,Otero,16048.1188110577
2043,Ouray,5369.92808660438
2043,Park,24002.6766800223
2043,Phillips,4329.14638122364
2043,Pitkin,22268.6222384383
2043,Prowers,11582.989370616
2043,Pueblo,214132.400600227
2043,Rio Blanco,7175.10322741347
2043,Rio Grande,11527.5929203133
2043,Routt,41770.1286088013
2043,Saguache,6650.80098074883
2043,San Juan,762.47212535538
2043,San Miguel,15422.2197660946
2043,Sedgwick,2304.50025913665
2043,Summit,47689.750728072
2043,Teller,31910.0089307095
2043,Washington,4911.69269426085
2043,Weld,636682.655588756
2043,Yuma,11202.2597925354
2044,Adams,820623.761792038
2044,Alamosa,21769.4687176153
2044,Arapahoe,891342.35713623
2044,Archuleta,23773.7059672739
2044,Baca,3022.36838192815
2044,Bent,6484.02616497006
2044,Boulder,429108.779798631
2044,Broomfield,96740.4438143212
2044,Chaffee,26013.624666079
2044,Cheyenne,1706.06896318555
2044,Clear Creek,11777.4833509551
2044,Conejos,8835.74953038137
2044,Costilla,3867.23095551161
2044,Crowley,7267.86937850114
2044,Custer,5666.73048276557
2044,Delta,39677.3167552944
2044,Denver,939364.969509169
2044,Dolores,2472.45231606973
2044,Douglas,473025.564506375
2044,Eagle,87779.9095217965
2044,El Paso,1014250.05594152
2044,Elbert,60154.7077856558
2044,Fremont,54230.3768933076
2044,Garfield,97404.2345433012
2044,Gilpin,6543.96512300815
2044,Grand,25157.7914935905
2044,Gunnison,21877.7069299754
2044,Hinsdale,1451.80325211491
2044,Huerfano,6147.06998041857
2044,Jackson,1289.44483442377
2044,Jefferson,687162.864166111
2044,Kiowa,1211.75733396666
2044,Kit Carson,9119.90357952258
2044,La Plata,88360.7289534933
2044,Lake,9587.02342180792
2044,Larimer,508560.481647367
2044,Las Animas,13437.9664046537
2044,Lincoln,7956.81251426243
2044,Logan,28368.8214106592
2044,Mesa,224487.685178445
2044,Mineral,919.076750047781
2044,Moffat,13704.4963675485
2044,Montezuma,43496.7240723309
2044,Montrose,68459.7435125691
2044,Morgan,39489.5779867441
2044,Otero,15941.1134192434
2044,Ouray,5394.66682974644
2044,Park,23999.1604114803
2044,Phillips,4333.03669844249
2044,Pitkin,22404.216137326
2044,Prowers,11563.5059273881
2044,Pueblo,215628.88212312
2044,Rio Blanco,7205.01282430424
2044,Rio Grande,11538.0563573715
2044,Routt,42386.3022023266
2044,Saguache,6651.43417440953
2044,San Juan,762.852209401811
2044,San Miguel,15695.6249336295
2044,Sedgwick,2307.57977460653
2044,Summit,48286.7387956973
2044,Teller,32099.4247593215
2044,Washington,4893.78288308472
2044,Weld,650484.979200629
2044,Yuma,11232.3144608317
2045,Adams,832210.303910086
2045,Alamosa,21965.4828157023
2045,Arapahoe,893317.162365851
2045,Archuleta,24245.2513499413
2045,Baca,3009.51597801243
2045,Bent,6503.66226514261
2045,Boulder,432330.618528407
2045,Broomfield,96557.4407732221
2045,Chaffee,26199.6616106685
2045,Cheyenne,1695.10735749459
2045,Clear Creek,11887.4581821108
2045,Conejos,8862.90804245139
2045,Costilla,3876.91405421342
2045,Crowley,7346.77931380122
2045,Custer,5707.65899396986
2045,Delta,40093.2478625513
2045,Denver,942193.74414901
2045,Dolores,2493.14153726771
2045,Douglas,475226.165541736
2045,Eagle,88926.9635303304
2045,El Paso,1024723.37206289
2045,Elbert,61196.2761326848
2045,Fremont,54581.563919722
2045,Garfield,98790.5678767019
2045,Gilpin,6558.54549244255
2045,Grand,25538.2147274301
2045,Gunnison,22024.166396203
2045,Hinsdale,1471.86136319619
2045,Huerfano,6115.29135143607
2045,Jackson,1286.97458956429
2045,Jefferson,688552.217799167
2045,Kiowa,1208.25884410157
2045,Kit Carson,9193.43387656027
2045,La Plata,89331.0735882924
2045,Lake,9637.04766761659
2045,Larimer,514457.895592713
2045,Las Animas,13402.5161680225
2045,Lincoln,8045.67739985768
2045,Logan,28563.1555989481
2045,Mesa,227391.17809219
2045,Mineral,925.188614476752
2045,Moffat,13728.7442923234
2045,Montezuma,44097.4228153382
2045,Montrose,69467.4260979341
2045,Morgan,40020.005396117
2045,Otero,15834.6750470376
2045,Ouray,5420.71927879129
2045,Park,23992.59126243
2045,Phillips,4337.92653345744
2045,Pitkin,22539.1549308957
2045,Prowers,11544.2789326489
2045,Pueblo,217098.755825219
2045,Rio Blanco,7234.45594810967
2045,Rio Grande,11549.260870872
2045,Routt,42998.7498900656
2045,Saguache,6652.77680999376
2045,San Juan,763.352902598155
2045,San Miguel,15967.0678490029
2045,Sedgwick,2311.04334938045
2045,Summit,48881.1848768499
2045,Teller,32292.4643373636
2045,Washington,4876.69676940057
2045,Weld,664331.866133226
2045,Yuma,11261.7605203598
2046,Adams,843789.88264593
2046,Alamosa,22159.797468086
2046,Arapahoe,895036.227073385
2046,Archuleta,24714.5152867858
2046,Baca,2996.8964083017
2046,Bent,6523.65832161061
2046,Boulder,435500.013167682
2046,Broomfield,96366.4342726851
2046,Chaffee,26386.2538467518
2046,Cheyenne,1684.10822446423
2046,Clear Creek,11998.1373435635
2046,Conejos,8889.59211170681
2046,Costilla,3887.24844155876
2046,Crowley,7426.42954426385
2046,Custer,5749.67479420879
2046,Delta,40505.760783129
2046,Denver,944763.657263728
2046,Dolores,2513.77472980715
2046,Douglas,477176.882459353
2046,Eagle,90060.6074833568
2046,El Paso,1035142.39075208
2046,Elbert,62225.9989458499
2046,Fremont,54936.9628509282
2046,Garfield,100176.182960715
2046,Gilpin,6572.61876747616
2046,Grand,25916.2650769751
2046,Gunnison,22168.7809055032
2046,Hinsdale,1491.96299208477
2046,Huerfano,6085.1458349184
2046,Jackson,1284.69369259017
2046,Jefferson,689887.966141279
2046,Kiowa,1205.00397697707
2046,Kit Carson,9268.64777863544
2046,La Plata,90287.5931467406
2046,Lake,9685.2013764992
2046,Larimer,520324.324523473
2046,Las Animas,13368.576665629
2046,Lincoln,8134.17539289527
2046,Logan,28756.0462940367
2046,Mesa,229262.39809296
2046,Mineral,931.545069665914
2046,Moffat,13753.907129664
2046,Montezuma,44700.5360765819
2046,Montrose,70466.732409618
2046,Morgan,40554.044748308
2046,Otero,15728.4944004592
2046,Ouray,5448.01585017513
2046,Park,23983.6711016376
2046,Phillips,4343.74991190394
2046,Pitkin,22673.4892104485
2046,Prowers,11524.8607924464
2046,Pueblo,218546.29603464
2046,Rio Blanco,7263.4462833225
2046,Rio Grande,11561.0457878893
2046,Routt,43607.2005564684
2046,Saguache,6654.75929637622
2046,San Juan,763.96430732029
2046,San Miguel,16236.4749077595
2046,Sedgwick,2314.75031007143
2046,Summit,49473.6166992172
2046,Teller,32486.5318705923
2046,Washington,4860.32998682156
2046,Weld,678227.008109502
2046,Yuma,11290.5436047836
2047,Adams,855369.396902338
2047,Alamosa,22353.5100636767
2047,Arapahoe,896515.4400628
2047,Archuleta,25181.6279573282
2047,Baca,2984.49629279111
2047,Bent,6544.08160210654
2047,Boulder,438627.524686337
2047,Broomfield,96170.3662904647
2047,Chaffee,26573.7173895747
2047,Cheyenne,1673.13220839695
2047,Clear Creek,12109.527098037
2047,Conejos,8916.09131039431
2047,Costilla,3898.2403613591
2047,Crowley,7506.87302362109
2047,Custer,5793.19033245853
2047,Delta,40915.0458345843
2047,Denver,947133.357286609
2047,Dolores,2534.45840357233
2047,Douglas,478895.327287932
2047,Eagle,91178.8236586788
2047,El Paso,1045520.86563968
2047,Elbert,63245.0902336235
2047,Fremont,55296.7881205456
2047,Garfield,101561.098226653
2047,Gilpin,6586.28927925627
2047,Grand,26291.8833415349
2047,Gunnison,22311.5046105269
2047,Hinsdale,1512.12449634041
2047,Huerfano,6056.66517957048
2047,Jackson,1282.70177637371
2047,Jefferson,691182.523292273
2047,Kiowa,1201.96719583308
2047,Kit Carson,9345.94525902945
2047,La Plata,91231.6955020452
2047,Lake,9731.97304402843
2047,Larimer,526167.308225578
2047,Las Animas,13336.1471951118
2047,Lincoln,8222.25303672837
2047,Logan,28947.6359979631
2047,Mesa,231110.656369074
2047,Mineral,938.11965732513
2047,Moffat,13780.313122443
2047,Montezuma,45307.2289146549
2047,Montrose,71458.1862595921
2047,Morgan,41092.1543356809
2047,Otero,15622.3099338944
2047,Ouray,5476.49147215364
2047,Park,23937.5785464664
2047,Phillips,4350.27651779918
2047,Pitkin,22807.4160976014
2047,Prowers,11504.9524958775
2047,Pueblo,219974.731225382
2047,Rio Blanco,7291.95323207558
2047,Rio Grande,11573.3860540575
2047,Routt,44211.3563567234
2047,Saguache,6657.42986939498
2047,San Juan,764.666182689975
2047,San Miguel,16503.8484794348
2047,Sedgwick,2318.67713375353
2047,Summit,50064.8696044177
2047,Teller,32682.9253129383
2047,Washington,4844.59744308519
2047,Weld,692172.919220228
2047,Yuma,11318.5682266539
2048,Adams,866950.557678991
2048,Alamosa,22546.9124645797
2048,Arapahoe,897771.094918479
2048,Archuleta,25646.4887124823
2048,Baca,2972.31956651936
2048,Bent,6564.80168643694
2048,Boulder,441718.44198043
2048,Broomfield,95970.5899350371
2048,Chaffee,26762.2896455719
2048,Cheyenne,1662.22897613794
2048,Clear Creek,12221.4349901179
2048,Conejos,8942.70178942083
2048,Costilla,3909.72153460104
2048,Crowley,7588.11983941932
2048,Custer,5838.31013219914
2048,Delta,41321.1089057944
2048,Denver,949295.84781901
2048,Dolores,2555.24968075249
2048,Douglas,480396.32395873
2048,Eagle,92284.5982715688
2048,El Paso,1055861.58072256
2048,Elbert,64254.6351518362
2048,Fremont,55660.6856244944
2048,Garfield,102944.494719629
2048,Gilpin,6599.49058541894
2048,Grand,26665.1178354262
2048,Gunnison,22452.2408839361
2048,Hinsdale,1532.33687424742
2048,Huerfano,6030.04091286857
2048,Jackson,1280.99182735883
2048,Jefferson,692443.258462208
2048,Kiowa,1199.0758831873
2048,Kit Carson,9425.77052741771
2048,La Plata,92164.2083413737
2048,Lake,9777.77492803595
2048,Larimer,531987.11673256
2048,Las Animas,13305.2343530361
2048,Lincoln,8309.86531275809
2048,Logan,29137.8054548891
2048,Mesa,232937.790056071
2048,Mineral,944.874018743416
2048,Moffat,13807.9532025184
2048,Montezuma,45918.1840052528
2048,Montrose,72441.6574205732
2048,Morgan,41634.4827915068
2048,Otero,15515.8254280408
2048,Ouray,5506.03474150249
2048,Park,23890.4703029789
2048,Phillips,4357.27640725926
2048,Pitkin,22940.9401494078
2048,Prowers,11484.3363832098
2048,Pueblo,221386.487944794
2048,Rio Blanco,7320.073851678
2048,Rio Grande,11585.908500535
2048,Routt,44811.1322276794
2048,Saguache,6660.44423148782
2048,San Juan,765.386451174856
2048,San Miguel,16769.1020939012
2048,Sedgwick,2322.77680165744
2048,Summit,50654.2645141709
2048,Teller,32881.0262444035
2048,Washington,4829.35638331673
2048,Weld,706170.456970931
2048,Yuma,11345.6708540347
2049,Adams,878541.235677118
2049,Alamosa,22740.2687947685
2049,Arapahoe,898835.06133519
2049,Archuleta,26109.5426176713
2049,Baca,2960.3267736088
2049,Bent,6585.90580218049
2049,Boulder,444787.089076627
2049,Broomfield,95768.8568704809
2049,Chaffee,26952.4033373216
2049,Cheyenne,1651.48536178551
2049,Clear Creek,12334.03605671
2049,Conejos,8969.70943313687
2049,Costilla,3921.72827406237
2049,Crowley,7670.33265342425
2049,Custer,5885.16317027813
2049,Delta,41724.6610241312
2049,Denver,951239.390828107
2049,Dolores,2576.1412441584
2049,Douglas,481699.804145311
2049,Eagle,93378.0564153752
2049,El Paso,1066177.89361594
2049,Elbert,65256.5166779967
2049,Fremont,56030.1988609756
2049,Garfield,104327.477136799
2049,Gilpin,6612.52747526272
2049,Grand,27036.3745142709
2049,Gunnison,22591.0493800341
2049,Hinsdale,1552.65342685248
2049,Huerfano,6005.50221896729
2049,Jackson,1279.60329336692
2049,Jefferson,693691.872659374
2049,Kiowa,1196.23651910046
2049,Kit Carson,9508.56144300254
2049,La Plata,93087.2882764977
2049,Lake,9823.06208316418
2049,Larimer,537792.445196118
2049,Las Animas,13276.2757915137
2049,Lincoln,8397.03339507769
2049,Logan,29327.055143007
2049,Mesa,234750.30193393
2049,Mineral,951.847090489383
2049,Moffat,13837.1168179137
2049,Montezuma,46534.7263233728
2049,Montrose,73418.82476542
2049,Morgan,42181.6223659168
2049,Otero,15408.9791725529
2049,Ouray,5536.54746803948
2049,Park,23843.1590401476
2049,Phillips,4364.66166949812
2049,Pitkin,23074.6103211078
2049,Prowers,11462.8507841722
2049,Pueblo,222787.930742472
2049,Rio Blanco,7347.99209743215
2049,Rio Grande,11598.5997928888
2049,Routt,45406.6668812402
2049,Saguache,6664.02645295816
2049,San Juan,766.201960025192
2049,San Miguel,17032.2580826236
2049,Sedgwick,2327.08989986293
2049,Summit,51241.3324146386
2049,Teller,33082.1124961244
2049,Washington,4814.48983476475
2049,Weld,720225.703244508
2049,Yuma,11372.0908496747
2050,Adams,890148.109715346
2050,Alamosa,22934.1832110843
2050,Arapahoe,899738.000950729
2050,Archuleta,26571.0705476656
2050,Baca,2948.55005442025
2050,Bent,6607.31466638042
2050,Boulder,447843.298274574
2050,Broomfield,95565.879640689
2050,Chaffee,27144.6213343869
2050,Cheyenne,1640.92234562929
2050,Clear Creek,12447.5044364275
2050,Conejos,8997.48665359243
2050,Costilla,3934.30273854649
2050,Crowley,7753.515032103
2050,Custer,5934.0012541689
2050,Delta,42126.2585415159
2050,Denver,952954.731764088
2050,Dolores,2597.24399603189
2050,Douglas,482823.875541142
2050,Eagle,94458.7574500614
2050,El Paso,1076485.53341285
2050,Elbert,66251.4664745454
2050,Fremont,56406.2177626731
2050,Garfield,105711.158786378
2050,Gilpin,6625.67090949093
2050,Grand,27406.1391566165
2050,Gunnison,22727.9755206814
2050,Hinsdale,1573.11248901299
2050,Huerfano,5983.15029918359
2050,Jackson,1278.50536593147
2050,Jefferson,694943.473889556
2050,Kiowa,1193.43293362297
2050,Kit Carson,9594.55049179674
2050,La Plata,94001.9270146714
2050,Lake,9868.13082327585
2050,Larimer,543588.01275951
2050,Las Animas,13249.4410252795
2050,Lincoln,8483.79741526593
2050,Logan,29515.6794336418
2050,Mesa,236553.948650382
2050,Mineral,958.97573528873
2050,Moffat,13868.218543431
2050,Montezuma,47158.2165235568
2050,Montrose,74391.1161480655
2050,Morgan,42734.0448732627
2050,Otero,15301.895472812
2050,Ouray,5568.01639553293
2050,Park,23796.5685064588
2050,Phillips,4372.35794673337
2050,Pitkin,23208.6893091414
2050,Prowers,11440.775147503
2050,Pueblo,224184.242361093
2050,Rio Blanco,7375.80138552895
2050,Rio Grande,11611.5980282352
2050,Routt,45998.2741761959
2050,Saguache,6668.21674368661
2050,San Juan,767.09618262478
2050,San Miguel,17293.2422825297
2050,Sedgwick,2331.60255330134
2050,Summit,51828.2475075481
2050,Teller,33286.5513257777
2050,Washington,4799.90375737092
2050,Weld,734342.580901367
2050,Yuma,11397.9594295522
